act,level,year,sections_before_fix,sections,folded_sections_fixed,folded_list,omitted_or_repealed,expected_range,missing_count,missing_sections,status,note,act_id
"The Legal Metrology Act, 2009",Central,2009,37,57,20,3;4;19;20;22;25;26;27;30;31;32;33;34;38;39;43;45;46;47;55,0,1-57,0,,OK,,IND_central_2102
"The Sale of Goods Act, 1930",Central,1930,66,67,1,65,0,1-66,0,,OK,,IND_central_2390
"The Indian Partnership Act, 1932",Central,1932,74,76,2,72;73,0,1-74,0,,OK,,IND_central_2394
"The Indian Trust Act, 1882",Central,1882,94,97,3,81;82;94,0,1-96,0,,OK,,IND_central_2327
"The Powers-of Attorney Act, 1882",Central,1882,7,7,0,,0,1-6,0,,OK,,IND_central_2360
"The Arbitration and Conciliation Act, 1996",Central,1996,102,107,5,8A;11A;29A;31A;76,0,1-87,0,,OK,,IND_central_1978
"The Contempt of Courts Act, 1971",Central,1971,24,24,0,,0,1-24,0,,OK,,IND_central_1514
"The Court-Fees Act, 1870",Central,1870,41,50,9,8A;16;18;19H;19K;24;31;32;37,0,1-37,0,,OK,,IND_central_2293
"The Criminal Procedure (Identification) Act, 2022",Central,2022,10,10,0,,0,1-10,0,,OK,,IND_central_19029
"The Goa, Daman and Diu (Extension of the Code of Civil Procedure and the Arbitration Act) Act, 1965",Central,1965,7,7,0,,0,1-7,0,,OK,,IND_central_1575
"The Gram Nyayalayas Act, 2008",Central,2008,40,40,0,,0,1-40,0,,OK,,IND_central_2060
"The Narcotic Drugs and Psychotropic Substances Act, 1985",Central,1985,105,127,22,15;21;25;27;27A;31;32A;32B;36;36A;36D;37;41;50A;52A;53A;54;57A;64A;65;66;74A,0,1-83,0,,OK,,IND_central_1791
"The Notaries Act, 1952",Central,1952,15,16,1,16,0,1-16,0,,OK,,IND_central_2172
"The Oaths Act, 1969",Central,1969,9,9,0,,0,1-9,0,,OK,,IND_central_1643
"The Presidency Small Cause Courts Act, 1882",Central,1882,89,100,11,8A;9;18A;19A;23;51;78;83;84;85;86,0,1-97,0,,OK,,IND_central_2371
"The Prevention of Corruption Act, 1988",Central,1988,34,41,7,7;12;14;17A;20;24;31,0,1-31,0,,OK,,IND_central_1558
"The Prevention of Damage to Public Property Act, 1984",Central,1984,6,6,0,,0,1-6,0,,OK,,IND_central_1770
"The Prevention of Money-Laundering Act, 2002",Central,2002,64,81,17,11A;12;12AA;14;15;20;24;25;27;28;30;31;32;33;34;69;72A,0,1-75,0,,OK,,IND_central_2036
"The Prisoners Act, 1900",Central,1900,37,53,16,15;19;20;21;26;31;35;36;40;41;44;46;47;50;52;53,0,1-53,0,,OK,,IND_central_2334
"The Prisons Act, 1894",Central,1894,61,62,1,60,1,1-62,0,,OK,,IND_central_2325
"The Probation of Offenders Act, 1958",Central,1958,19,19,0,,0,1-19,0,,OK,,IND_central_1507
"The Protection of Civil Rights Act, 1955",Central,1955,24,26,2,10A;15,0,1-20,0,,OK,,IND_central_1544
"The Public Gambling Act, 1867",Central,1867,18,18,0,,0,1-18,0,,OK,,IND_central_2269
"The Aadhaar (Targeted Delivery of Financial and Other Subsidies, Benefits and Services) Act, 2016",Central,2016,40,68,28,3A;6;8A;10;13;17;20;22;24;25;33D;33F;34;36;38;39;40;41;42;45;46;49;51;52;55;56;57;59,0,1-59,0,,OK,,IND_central_2160
"The Digital Personal Data Protection Act, 2023",Central,2023,44,44,0,,0,1-44,0,,OK,,IND_central_22037
"The Indian Institutes of Information Technology Act, 2014",Central,2014,48,50,2,5;18,0,1-50,0,,OK,,IND_central_2135
"The Central Educational Institutions (Reservation in Admission) Act, 2006",Central,2006,7,7,0,,0,1-7,0,,OK,,IND_central_2091
"The Public Examinations (Prevention of Unfair Means) Act, 2024",Central,2024,16,19,3,10;13;18,0,1-19,0,,OK,,IND_central_20100
"The Biological Diversity Act, 2002",Central,2002,61,72,11,4;5;7;36;40;44;45;46;55;58;63,0,1-65,0,,OK,,IND_central_2046
"The Environment (Protection) Act, 1986",Central,1986,19,26,7,5;8;13;14;19;20;22,0,1-26,0,,OK,,IND_central_1876
"The Indian Forest Act, 1927",Central,1927,85,88,3,41A;85A;86,0,1-86,0,,OK,,IND_central_2388
"The National Green Tribunal Act, 2010",Central,2010,36,39,3,15;16;21,0,1-38,0,,OK,,IND_central_2025
"The Prevention of Cruelty to Animals Act, 1960",Central,1960,41,44,3,9;11;20,0,1-41,0,,OK,,IND_central_1547
"The Public Liability Insurance Act, 1991",Central,1991,26,28,2,14;17,0,1-23,0,,OK,,IND_central_1960
"The Van (Sanrakshan Evam Samvardhan) Adhiniyam, 1980",Central,1980,10,10,0,,0,1-5,0,,OK,,IND_central_1760
"The Water (Prevention and Control of Pollution) Act, 1974",Central,1974,63,68,5,11A;39;41;42;45A,0,1-64,0,,OK,,IND_central_1612
"The Wild Life (Protection) Act, 1972",Central,1972,145,170,25,5A;14;15;17;18A;25A;26A;29;33A;33B;36;36A;37;38K;39;40A;42A;43;49A;49D;51A;54;60A;60B;62A,0,1-66,0,,OK,,IND_central_1726
"The Anand Marriage Act, 1909",Central,1909,4,5,1,2,0,1-5,0,,OK,,IND_central_2347
"The Assisted Reproductive Technology (Regulation) Act, 2021",Central,2021,46,46,0,,0,1-46,0,,OK,,IND_central_17031
"The Dissolution of Muslim Marriages Act, 1939",Central,1939,5,5,0,,0,1-5,0,,OK,,IND_central_2404
"The Divorce Act, 1869",Central,1869,53,64,11,7;10;10A;11;17;17A;20;34;35;39;57,0,1-62,0,,OK,,IND_central_2280
"The Guardians and Wards Act, 1890",Central,1890,50,55,5,4A;5;32;52;53,0,1-53,0,,OK,,IND_central_2318
"The Hindu Minority and Guardianship Act, 1956",Central,1956,10,12,2,11;12,0,1-12,0,,OK,,IND_central_1649
"The Indian Christian Marriage Act, 1872",Central,1872,69,88,19,8;11;14;16;17;21;22;27;29;35;40;41;47;54;59;60;68;84;86,0,1-88,0,,OK,,IND_central_2186
"The Maintenance Orders Enforcement Act, 1921",Central,1921,12,12,0,,0,1-12,0,,OK,,IND_central_2373
"The Majority Act, 1875",Central,1875,4,4,0,,0,1-4,0,,OK,,IND_central_2284
"The Muslim Women (Protection of Rights on Divorce) Act, 1986",Central,1986,3,4,1,3,0,1-4,0,,OK,,IND_central_1873
"The Muslim Women (Protection of Rights on Marriage) Act, 2019",Central,2019,6,7,1,3,0,1-7,0,,OK,,IND_central_11564
"The Parsi Marriage and Divorce Act, 1936",Central,1936,54,55,1,38,1,1-53,0,,OK,,IND_central_2476
"The Prohibition of Child Marriage Act, 2006",Central,2006,12,21,9,6;8;9;10;12;14;15;17;18,0,1-21,0,,OK,,IND_central_2055
"The Registration of Births and Deaths Act, 1969",Central,1969,24,33,9,12;14;15;18;21;22;25;27;32,0,1-32,0,,OK,,IND_central_1682
"The Surrogacy (Regulation) Act, 2021",Central,2021,52,54,2,28;33,0,1-54,0,,OK,,IND_central_17046
"The Citizenship Act, 1955",Central,1955,18,27,9,1;3;6A;6B;7A;11;12;14A;15A,0,1-19,0,,OK,,IND_central_1522
"The Cigarettes and Other Tobacco Products (Prohibition of Advertisement and Regulation of Trade and Commerce, Production, Supply and Distribution) Act, 2003",Central,2003,22,34,12,2;3;4;4A;10;11;14;16;17;29;30;32,0,1-33,0,,OK,,IND_central_2053
"The Drugs and Cosmetics Act, 1940",Central,1940,68,87,19,9A;10A;17E;26B;27;28;28A;30;31A;33EEA;33EEB;33EEC;33EED;33KA;34A;34AA;36A;36AB;37,0,1-38,0,,OK,,IND_central_2409
"The Epidemic Diseases Act, 1897",Central,1897,8,13,5,1A;2;2A;2B;3A,0,1-5,0,,OK,,IND_central_2326
"The Mental Healthcare Act, 2017",Central,2017,125,126,1,45,0,1-126,0,,OK,,IND_central_2249
"The Transplantation of Human Organs and Tissues Act, 1994",Central,1994,26,31,5,13A;13D;14A;17;19A,0,1-25,0,,OK,,IND_central_1962
"The Real Estate (Regulation and Development) Act, 2016",Central,2016,92,92,0,,0,1-92,0,,OK,,IND_central_2158
"The Apprentices Act, 1961",Central,1961,41,42,1,38,0,1-38,0,,OK,,IND_central_1668
"The Bonded Labour System (Abolition) Act, 1976",Central,1976,27,27,0,,0,1-27,0,,OK,,IND_central_1491
"The Employment of Manual Scavengers and Construction of Dry Latrines (Prohibition) Act, 1993",Central,1993,24,24,0,,0,1-24,0,,OK,,IND_central_1581
"The Industrial Employmnet (Standing Orders) Act, 1946",Central,1946,17,21,4,12A;13A;13C;14A,0,1-15,0,,OK,,IND_central_22043
"The Industrial Relations Code, 2020",Central,2020,104,104,0,,0,1-104,0,,OK,,IND_central_22040
"The Mahatma Gandhi National Rural Employment Guarantee Act, 2005",Central,2005,35,35,0,,0,1-35,0,,OK,,IND_central_2014
"The Occupational Safety, Health and Working Conditions Code, 2020",Central,2020,142,143,1,45,0,1-143,0,,OK,,IND_central_22041
"The Prohibition of Employment as Manual Scavengers and their Rehabilitation Act, 2013",Central,2013,39,39,0,,0,1-39,0,,OK,,IND_central_2119
"The Trade Unions Act, 1926",Central,1926,34,34,0,,0,1-33,0,,OK,,IND_central_22044
"The Bankers Books Evidence Act, 1891",Central,1891,7,8,1,4,0,1-8,0,,OK,,IND_central_2322
"The Banking Regulation Act, 1949",Central,1949,123,130,7,10C;21A;35A;36ACA;39;45K;51A,0,1-56,0,,OK,,IND_central_1885
"The Banning of Unregulated Deposit Schemes Act, 2019",Central,2019,44,44,0,,0,1-44,0,,OK,,IND_central_11641
"The Chit Funds Act, 1982",Central,1982,89,90,1,11,0,1-90,0,,OK,,IND_central_1797
"The Credit Information Companies (Regulation) Act, 2005",Central,2005,37,38,1,33A,0,1-37,0,,OK,,IND_central_2057
"The Insolvency and Bankruptcy Code, 2016",Central,2016,268,280,12,11A;29A;67A;76;77;77A;88;186;187;235A;238A;240A,0,1-255,0,,OK,,IND_central_2154
"The Interest Act, 1978",Central,1978,5,5,0,,0,1-5,0,,OK,,IND_central_1724
"The Payment and Settlement Systems Act, 2007",Central,2007,39,42,3,10A;17;34B,0,1-38,0,,OK,,IND_central_2082
"The Prize Chits and Money Circulation Schemes (Banning) Act, 1978",Central,1978,14,14,0,,0,1-14,0,,OK,,IND_central_1628
"The Provincial Insolvency Act, 1920",Central,1920,84,87,3,21;30;83,0,1-83,0,,OK,,IND_central_19723
"The Recovery Of Debts And Bankruptcy Act, 1993",Central,1993,38,45,7,6;17A;19;30;31A;31B;32,0,1-37,0,,OK,,IND_central_1775
"The Usurious Loans Act, 1918",Central,1918,3,3,0,,0,1-3,0,,OK,,IND_central_2362
"The Ajmer Tenancy and Land Records Act, 1950",Central,1950,201,205,4,62;81;120;129,0,1-205,0,,OK,,IND_central_1796
"The Cantonments (Extension of Rent Control Laws) Act, 1957",Central,1957,3,3,0,,0,1-3,0,,OK,,IND_central_1379
"The Central Provinces Tenancy Act, 1898",Central,1898,100,100,0,,0,1-100,0,,OK,,IND_central_19250
"The Delhi Apartment Ownership Act, 1986",Central,1986,27,27,0,,0,1-27,0,,OK,,IND_central_1805
"The East Punjab Urban Rent Restriction Act (Extension to Chandigarh) Act, 1974",Central,1974,4,4,0,,0,1-4,0,,OK,,IND_central_1610
"The Indian Easements Act, 1882",Central,1882,64,64,0,,0,1-64,0,,OK,,IND_central_2349
"The Public Premises (Eviction of Unauthorised Occupants) Act, 1971",Central,1971,24,26,2,5A;5C,0,1-20,0,,OK,,IND_central_1609
"The Registration Act, 1908",Central,1908,76,96,20,4;9;19;23A;28;31;32;32A;36;39;47;49;56;59;67;70;74;80;87;92,0,1-93,0,,OK,,IND_central_2190
"The Right to Fair Compensation and Transparency in Land Acquisition, Rehabilitation and Resettlement Act, 2013",Central,2013,115,116,1,10A,0,1-114,0,,OK,,IND_central_2121
"The Scheduled Tribes and Other Traditional Forest Dwellers (Recognition of Forest Rights) Act, 2006",Central,2006,14,14,0,,0,1-14,0,,OK,,IND_central_2070
"The Slum Areas (Improvement and Clearance) Act, 1956",Central,1956,39,44,5,11;19;20;20A;37A,0,1-40,0,,OK,,IND_central_1709
"The delhi rent control act, 1958",Central,1958,60,67,7,6A;14A;14B;25B;28;34;38A,0,1-57,0,,OK,,IND_central_19223
"The Commission of Sati (Prevention ) Act, 1987",Central,1987,18,22,4,13;16;19;20,0,1-22,0,,OK,,IND_central_1814
"The Commissions for Protection of Child Rights Act, 2005",Central,2005,37,37,0,,0,1-37,0,,OK,,IND_central_2056
"The Immoral Traffic (Prevention) Act, 1956",Central,1956,22,32,10,2A;10;16;17;17A;19;21A;22A;22AA;22B,0,1-25,0,,OK,,IND_central_19243
"The Indecent Representation of Women (Prohibition) Act, 1986",Central,1986,8,10,2,3;6,0,1-10,0,,OK,,IND_central_1768
"The National Commission for Women Act, 1990",Central,1990,14,17,3,6;7;13,0,1-17,0,,OK,,IND_central_1944
"The Orphanages and other Charitable Homes (Supervision and Control) Act, 1960",Central,1960,31,31,0,,0,1-31,0,,OK,,IND_central_13052
"The Right of Children to Free and Compulsory Education Act, 2009",Central,2009,31,39,8,6;10;11;26;28;36;37;39,0,1-39,0,,OK,,IND_central_2086
"The Rights of Persons with Disabilities Act, 2016",Central,2016,100,102,2,75;80,0,1-102,0,,OK,,IND_central_2155
"The Women’s and Children’s Institutions (Licensing) Act, 1956",Central,1956,12,12,0,,0,1-12,0,,OK,,IND_central_19281
"The KARNATAKA CIVIL COURTS ACT, 1964",Karnataka,1964,29,31,2,21;22,0,1-30,0,,OK,,IND_state_7624
"The KARNATAKA SMALL CAUSE COURTS ACT, 1964",Karnataka,1964,29,29,0,,0,1-29,0,,OK,,IND_state_7611
"The KARNATAKA EDUCATIONAL INSTITUTIONS (PROHIBITION OF CAPITATION FEE) ACT, 1984",Karnataka,1984,15,15,0,,0,1-15,0,,OK,,IND_state_7139
"The KARNATAKA PRESERVATION OF TREES ACT, 1976",Karnataka,1976,34,37,3,8A;27;27A,0,1-29,0,,OK,,IND_state_7008
"The KARNATAKA MARRIAGES (REGISTRATION AND MISCELLANEOUS PROVISIONS) ACT, 1976",Karnataka,1976,35,36,1,17,0,1-36,0,,OK,,IND_state_7898
"The KARNATAKA DAILY WAGE EMPLOYEES WELFARE ACT, 2012",Karnataka,2012,11,11,0,,0,1-11,0,,OK,,IND_state_7134
"The KARNATAKA PAYMENT OF SUBSISTENCE ALLOWANCE ACT, 1988",Karnataka,1988,12,12,0,,0,1-12,0,,OK,,IND_state_7607
"The KARNATAKA SHOPS AND COMMERCIAL ESTABLISHMENTS ACT, 1961",Karnataka,1961,41,46,5,13;23;29;34;41,0,1-44,0,,OK,,IND_state_7609
"The KARNATAKA DEBT RELIEF ACT, 1976",Karnataka,1976,10,10,0,,0,1-10,0,,OK,,IND_state_7135
"The KARNATAKA DEBT RELIEF ACT, 1980",Karnataka,1980,14,17,3,7;11;13,0,1-17,0,,OK,,IND_state_8127
"The KARNATAKA DEBT RELIEF ACT, 2018",Karnataka,2018,18,18,0,,0,1-18,0,,OK,,IND_state_17216
"The KARNATAKA MICRO LOAN AND SMALL LOAN (PREVENTION OF COERCIVE ACTIONS) ACT, 2025",Karnataka,2025,19,19,0,,0,1-19,0,,OK,,IND_state_21666
"The KARNATAKA MONEY-LENDERS ACT, 1961",Karnataka,1961,45,49,4,11;12;21;27,0,1-45,0,,OK,,IND_state_7208
"The KARNATAKA PAWNBROKERS ACT, 1961",Karnataka,1961,24,28,4,4B;15;16;17,0,1-24,0,,OK,,IND_state_7163
The KARNATAKA PROHIBITION OF CHARGING EXORBITANT INTEREST ACT 2004,Karnataka,2004,16,16,0,,0,1-14,0,,OK,,IND_state_7174
"The KARNATAKA MOTOR VEHICLES TAXATION ACT, 1957",Karnataka,1957,32,34,2,15;17A,0,1-23,0,,OK,,IND_state_7605
"The KARNATAKA TRAFFIC CONTROL ACT, 1960",Karnataka,1960,24,24,0,,0,1-24,0,,OK,,IND_state_7618
"The KARNATAKA ACQUISITION OF LANDS FOR GRANT OF HOUSE SITES ACT, 1972",Karnataka,1972,7,7,0,,0,1-7,0,,OK,,IND_state_7613
"The KARNATAKA APARTMENT OWNERSHIP ACT, 1972",Karnataka,1972,27,27,0,,0,1-27,0,,OK,,IND_state_7623
"The KARNATAKA LAND GRABBING PROHIBITION ACT, 2011",Karnataka,2011,21,21,0,,0,1-21,0,,OK,,IND_state_7805
"The KARNATAKA PUBLIC PREMISES (EVICTION OF UNAUTHORISED OCCUPANTS) ACT, 1974",Karnataka,1974,19,19,0,,0,1-19,0,,OK,,IND_state_7742
"The KARNATAKA SLUM AREAS DEVELOPMENT ACT, 1973",Karnataka,1973,77,80,3,5A;27A;37A,0,1-73,0,,OK,,IND_state_7610
"The KARNATAKA STAMP ACT, 1957",Karnataka,1957,76,87,11,3B;11;12;18A;45A;53A;59B;60;63;66;67,1,1-72,0,,OK,,IND_state_7744
"The KARNATAKA SAKAALA SERVICES ACT, 2011",Karnataka,2011,18,20,2,7;9,0,1-20,0,,OK,,IND_state_7187
"The KARNATAKA DEVADASIS (PROHIBITION OF DEDICATION) ACT, 1982",Karnataka,1982,12,13,1,3A,0,1-8,0,,OK,,IND_state_7912
"The KARNATAKA PROHIBITION OF BEGGARY ACT, 1975",Karnataka,1975,41,41,0,,0,1-41,0,,OK,,IND_state_7808
"The KARNATAKA STATE COMMISSION FOR WOMEN ACT, 1995",Karnataka,1995,20,20,0,,0,1-20,0,,OK,,IND_state_7902
"The Limitation Act, 1963",Central,1963,43,52,9,7;8;9;10;19;22;24;27;28,0,1-122,70,4;5;33;36;41;42;43;45;46;47;48;49;50;51;52;53;54;55;64;65;66;67;68;69;70;71;72;73;74;75;76;77;78;79;80;81;82;83;84;85;86;87;88;89;90;91;92;93;94;95;96;97;98;99;100;101;102;103;104;105;106;107;108;109;110;111;112;113;114;115,NEEDS CHECK,"block of 52 consecutive sections missing: Act truncated in dataset, or Schedule/footnote numbering mixed in",IND_central_1565
"The Married Womens Property Act, 1874",Central,1874,9,10,1,7,0,1-64,54,3;11;12;13;14;15;16;17;18;19;20;21;22;23;24;25;26;27;28;29;30;31;32;33;34;35;36;37;38;39;40;41;42;43;44;45;46;47;48;49;50;51;52;53;54;55;56;57;58;59;60;61;62;63,NEEDS CHECK,"block of 53 consecutive sections missing: Act truncated in dataset, or Schedule/footnote numbering mixed in",IND_central_2283
"The KARNATAKA MUNICIPALITIES ACT, 1964",Karnataka,1964,359,392,33,12;16A;38B;45;49;55;64;72;100;101;101A;102A;104;105;110A;115;132;138;139;141;156;242;243;296;309;312;338;353;355;363A;365;388A;389,1,1-389,38,95;109;116;117;118;119;120;121;122;123;124;125;126;127;128;129;130;131;187A;218;243A;243B;243C;243D;243E;243F;243G;243H;243J;243K;243L;243M;243N;243P;256;384;385;386,NEEDS CHECK,"block of 16 consecutive sections missing: Act truncated in dataset, or Schedule/footnote numbering mixed in",IND_state_8130
"The Drugs and Magic Remedies (Objectionable Advertisement) Act, 1954",Central,1954,19,20,1,14,0,1-54,36,17;18;19;20;21;22;23;24;25;26;27;28;29;30;31;32;33;34;35;36;37;38;39;40;41;43;44;45;46;47;48;49;50;51;52;53,NEEDS CHECK,"block of 25 consecutive sections missing: Act truncated in dataset, or Schedule/footnote numbering mixed in",IND_central_1412
"The KARNATAKA MUNICIPAL CORPORATIONS ACT, 1976",Karnataka,1976,529,558,29,26A;50A;55;91A;102C;102F;103A;103B;104;105;106;108;108A;109A;112A;113;114A;140;146;148;149A;178A;256;257;288A;295A;468A;503A;509,1,1-509,27,13A;62;88;101;116;118;119;120;121;122;123;124;125;126;127;128;129;130;131;132;133;186;321A;419;424;434;502,NEEDS CHECK,"block of 16 consecutive sections missing: Act truncated in dataset, or Schedule/footnote numbering mixed in",IND_state_8129
"The Infant Milk Substitutes, Feeding Bottles and Infant Foods (Regulation of Production, Supply and Distribution) Act, 1992",Central,1992,3,3,0,,0,1-26,23,2;3;4;5;6;7;8;9;10;11;12;13;14;15;16;17;18;19;20;22;23;24;25,NEEDS CHECK,"block of 19 consecutive sections missing: Act truncated in dataset, or Schedule/footnote numbering mixed in",IND_central_1958
"The Child and Adolescent Labour (Prohibition and Regulation) Act, 1986",Central,1986,3,6,3,20;21;22,0,1-22,19,1;2;3;4;5;6;7;8;9;10;11;12;13;14A;15;16;17;18;19,NEEDS CHECK,"block of 13 consecutive sections missing: Act truncated in dataset, or Schedule/footnote numbering mixed in",IND_central_1848
"The Indian Stamp Act, 1899",Central,1899,76,76,0,,0,1-78,10,10;11;15;18;23;29;38;47;70;71,NEEDS CHECK,,IND_central_15510
"The KARNATAKA TOWN AND COUNTRY PLANNING ACT, 1961",Karnataka,1961,105,112,7,10;13;14B;18A;73;76FFF;81E,0,1-83,9,19;21;22;24;25;81A;81B;81C;81D,NEEDS CHECK,,IND_state_7905
"The Presidency-Towns Insolvency Act, 1909",Central,1909,122,129,7,18A;45;72;101A;103A;104;113,0,1-127,8,61;74;81;82;83;84;112;122,NEEDS CHECK,,IND_central_19722
"The KARNATAKA LAND REFORMS ACT, 1961",Karnataka,1961,135,152,17,14;16;28;38;56;57;66A;77;79A;103;105;108;109;111;118A;131;140,0,1-142,7,17;18;29;55;59;117;120,NEEDS CHECK,,IND_state_7740
"The Police Act, 1861",Central,1861,41,45,4,15A;27;41;46,0,1-47,6,11;20;38;39;40;42,NEEDS CHECK,,IND_central_2264
"The Prevention of Illicit Traffic in Narcotic Drugs and Psychotropic Substances Act, 1988",Central,1988,3,3,0,,0,1-9,6,1;2;4;5;6;7,NEEDS CHECK,very few sections present: Act largely absent or only amendment fragments,IND_central_1887
"The Insurance Act, 1938",Central,1938,131,247,116,2C;2CA;2CB;3A;3B;6AA;6C;12;14;16;26;27;28;29;30;31A;31B;32;32A;32B;32D;33;37A;38;40B;42;42A;42E;43;44;44A;47A;48A;48B;49;52;52BB;52D;52H;52M;53A;59;60;61A;64C;64D;64F;64ULA;64UM;64V;65;65A;66;67;68;69;70;70A;70B;71;72;73;73A;74;75;76;77;78;79;80;81;82;83;84;85;86;87;87A;88;89;90;90A;91;92;93;94;94A;95;96;97;98;98A;99;100;101;102;103;105;105B;106;106A;108;109;110;110A;110B;110C;110D;110HA;113;114A;116A;118;118A;119;122,0,1-123,6,2A;2B;36;42B;42C;42D,NEEDS CHECK,,IND_central_2304
The GREATER BENGALURU GOVERNANCE ACT 2024,Karnataka,2024,351,355,4,84;234;259;296,0,1-361,6,8;30;173;233;247;255,NEEDS CHECK,,IND_state_21664
"The Family Courts Act, 1984",Central,1984,15,19,4,5;8;17;20,0,1-23,4,11;12;13;14,NEEDS CHECK,,IND_central_1844
"The KARNATAKA POLICE ACT, 1963",Karnataka,1963,170,183,13,6;23;24;25;36A;49;56;78;96;98;113;144;175,0,1-179,4,5;79;108;122,NEEDS CHECK,,IND_state_8195
"The BRUHAT BENGALURU MAHANAGARA PALIKE ACT, 2020",Karnataka,2020,368,372,4,218;283;298;303,0,1-376,4,7;89;92;372,NEEDS CHECK,,IND_state_17244
"The Provincial Small Cause Courts Act, 1887",Central,1887,31,34,3,9;26;36,0,1-37,3,12;13;29,NEEDS CHECK,,IND_central_2312
"The Births, Deaths and Marriages Registration Act, 1886",Central,1886,33,35,2,13;15,0,1-37,3,29;30;31,NEEDS CHECK,,IND_central_2309
"The Delhi (Urban Areas) Tenants Relief Act, 1961",Central,1961,5,5,0,,0,1-8,3,3;4;5,NEEDS CHECK,very few sections present: Act largely absent or only amendment fragments,IND_central_1695
"The KARNATAKA GRAM SWARAJ AND PANCHAYAT RAJ ACT, 1993",Karnataka,1993,347,377,30,43A;79;86;113A;117;118;123;124;136A;145A;152;160;162;163;165;175A;184;193;199A;205;232;232A;268;269;296A;302B;308A;309A;310A;310B,0,1-321,3,58E;154;195,NEEDS CHECK,,IND_state_7595
"The Code of Civil Procedure, 1908",Central,1908,172,212,40,1B;3B;4A;5A;6A;6G;7A;12A;15A;16A;17A;18A;19A;20A;23A;35A;35B;46A;46B;46E;46H;48A;60;70;72A;92;109;110;111;111A;122;125;126;130;135A;148A;152;153A;154;313,0,1-158,2,155;156,NEEDS CHECK,,IND_central_2191
"The Air (Prevention and Control of Pollution) Act, 1981",Central,1981,51,62,11,3;5;11;22A;31A;33A;35;37;38;43;50,0,1-54,2,40;41,NEEDS CHECK,,IND_central_1389
"The Industrial Disputes Act, 1947",Central,1947,78,78,0,,0,1-40,2,8;25N,NEEDS CHECK,,IND_central_22042
"The Partition Act, 1893",Central,1893,7,7,0,,0,1-9,2,5;6,NEEDS CHECK,very few sections present: Act largely absent or only amendment fragments,IND_central_5657
"The KARNATAKA PRIVATE MEDICAL ESTABLISHMENTS ACT, 2007",Karnataka,2007,24,29,5,4;11;11A;11B;15,0,1-28,2,8;10,NEEDS CHECK,,IND_state_7097
"The KARNATAKA LAND (RESTRICTION ON TRANSFER) ACT, 1991",Karnataka,1991,12,12,0,,0,1-14,2,12;13,NEEDS CHECK,,IND_state_7806
"The Food Safety and Standards Act, 2006",Central,2006,98,100,2,61;63,0,1-101,1,25,NEEDS CHECK,,IND_central_2027
"The National Food Security Act, 2013",Central,2013,41,44,3,9;25;44,0,1-45,1,8,NEEDS CHECK,,IND_central_2113
"The Legal Services Authorities Act, 1987",Central,1987,25,39,14,1;3;4;5;6;8;11A;11B;12;14;19;24;25;27,0,1-30,1,23,NEEDS CHECK,,IND_central_1925
"The Mediation Act, 2023",Central,2023,65,68,3,22;35;65,0,1-65,1,63,NEEDS CHECK,,IND_central_19637
"The Unlawful Activities (Prevention) Act, 1967",Central,1967,65,66,1,16A,0,1-53,1,44,NEEDS CHECK,,IND_central_1470
"The Foreign Marriage Act, 1969",Central,1969,28,29,1,30,0,1-30,1,17,NEEDS CHECK,,IND_central_1720
"The Indian Succession Act, 1925",Central,1925,389,391,2,213;382,0,1-390,1,52,NEEDS CHECK,,IND_central_2385
"The Muslim Personal Law (Shariat) Application Act, 1937",Central,1937,4,4,0,,0,1-5,1,3,NEEDS CHECK,very few sections present: Act largely absent or only amendment fragments,IND_central_2303
"The Passports Act, 1967",Central,1967,26,28,2,18;26,0,1-27,1,8,NEEDS CHECK,,IND_central_1372
"The Clinical Establishments (Registration and Regulation) Act, 2010",Central,2010,33,55,22,9;11;17;18;19;21;22;23;24;25;27;28;31;35;40;43;46;48;49;50;53;55,0,1-56,1,2,NEEDS CHECK,,IND_central_2048
"The Prohibition of Electronic Cigarettes (Production, Manufacture, Import, Export, Transport, Sale, Distribution, Storage and Advertisement) Act, 2019",Central,2019,16,17,1,10,0,1-18,1,14,NEEDS CHECK,,IND_central_13078
"The Employees Provident Funds and Miscellaneous Provisions Act, 1952",Central,1952,64,66,2,7D;18A,0,1-22,1,6B,NEEDS CHECK,,IND_central_2152
"The Street Vendors (Protection of Livelihood and Regulation of Street Vending) Act, 2014",Central,2014,38,38,0,,0,1-39,1,28,NEEDS CHECK,,IND_central_2124
"The Securitisation and Reconstruction of Financial Assets and Enforcement of Security Interest Act, 2002",Central,2002,49,61,12,5A;9;17;17A;18B;19;20A;25;26A;27;28;30,0,1-42,1,12A,NEEDS CHECK,,IND_central_2006
"The Prohibition of Benami Property Transactions Act, 1988",Central,1988,63,73,10,8;9;10;11;12;13;14;15;16;17,2,1-71,1,60,NEEDS CHECK,,IND_central_1840
"The Punjab Tenancy Act, 1887",Central,1887,108,111,3,5;34;100,0,1-112,1,7,NEEDS CHECK,,IND_central_19230
"The Human Immunodeficiency Virus and Acquired Immune Deficiency Syndrome (Prevention and Control) Act, 2017",Central,2017,49,49,0,,0,1-50,1,34,NEEDS CHECK,,IND_central_2254
"The Juvenile Justice (Care and Protection of Children) Act, 2015",Central,2015,110,111,1,61,0,1-112,1,86,NEEDS CHECK,,IND_central_2148
"The Medical Termination of Pregnancy Act, 1971",Central,1971,9,9,0,,0,1-8,1,3A,NEEDS CHECK,very few sections present: Act largely absent or only amendment fragments,IND_central_1593
"The National Trust for Welfare of Persons with Autism, Cerebral Palsy, Mental Retardation and Multiple Disabilities Act, 1999",Central,1999,35,35,0,,0,1-36,1,4,NEEDS CHECK,,IND_central_1951
"The Transgender Persons (Protection of Rights) Act, 2019",Central,2019,22,22,0,,0,1-23,1,18,NEEDS CHECK,,IND_central_13091
"The KARNATAKA CONTROL OF ORGANIZED CRIMES ACTS, 2000",Karnataka,2000,29,29,0,,0,1-30,1,20,NEEDS CHECK,,IND_state_8190
"The KARNATAKA COURT-FEE AND SUITS VALUATION ACT, 1958",Karnataka,1958,73,79,6,71;72;73;74;75;76,0,1-79,1,59,NEEDS CHECK,,IND_state_7625
"The KARNATAKA EDUCATION ACT, 1983",Karnataka,1983,146,153,7,21;59;60;76;107;108;121A,1,1-146,1,119,NEEDS CHECK,,IND_state_7138
