title,year,status,section_count,topic,why,level,in_kb,act_id
"The Consumer Protection Act, 2019",2019,in_force,105,Consumer,already in our KB; consumer rights / fair trade,Central,yes,IND_central_15256
"The Drugs and Magic Remedies (Objectionable Advertisement) Act, 1954",1954,in_force,19,Consumer,consumer rights / fair trade,Central,no,IND_central_1412
"The Food Safety and Standards Act, 2006",2006,in_force,98,Consumer,consumer rights / fair trade,Central,no,IND_central_2027
"The Legal Metrology Act, 2009",2009,in_force,37,Consumer,consumer rights / fair trade,Central,no,IND_central_2102
"The National Food Security Act, 2013",2013,in_force,41,Consumer,consumer rights / fair trade,Central,no,IND_central_2113
"The Sale of Goods Act, 1930",1930,in_force,66,Consumer,consumer rights / fair trade,Central,no,IND_central_2390
"The Indian Contract Act, 1872",1872,in_force,118,Contract/civil law,"already in our KB; contracts, partnerships, limitation",Central,yes,IND_central_2187
"The Indian Partnership Act, 1932",1932,in_force,74,Contract/civil law,"contracts, partnerships, limitation",Central,no,IND_central_2394
"The Indian Trust Act, 1882",1882,in_force,94,Contract/civil law,"contracts, partnerships, limitation",Central,no,IND_central_2327
"The Limitation Act, 1963",1963,in_force,43,Contract/civil law,"contracts, partnerships, limitation",Central,no,IND_central_1565
"The Powers-of Attorney Act, 1882",1882,in_force,7,Contract/civil law,"contracts, partnerships, limitation",Central,no,IND_central_2360
"The Specific Relief Act, 1963",1963,in_force,43,Contract/civil law,"already in our KB; contracts, partnerships, limitation",Central,yes,IND_central_1583
"The Arbitration and Conciliation Act, 1996",1996,in_force,102,Crime/police/courts/bail/evidence,"criminal law, procedure, courts, evidence",Central,no,IND_central_1978
"The Bharatiya Nagarik Suraksha Sanhita, 2023",2023,in_force,525,Crime/police/courts/bail/evidence,"already in our KB; criminal law, procedure, courts, evidence",Central,yes,IND_central_20099
"The Bharatiya Nyaya Sanhita, 2023",2023,in_force,351,Crime/police/courts/bail/evidence,"already in our KB; criminal law, procedure, courts, evidence",Central,yes,IND_central_20062
"The Bharatiya Sakshya Adhiniyam, 2023",2023,in_force,166,Crime/police/courts/bail/evidence,"already in our KB; criminal law, procedure, courts, evidence",Central,yes,IND_central_20063
"The Code of Civil Procedure, 1908",1908,in_force,172,Crime/police/courts/bail/evidence,"criminal law, procedure, courts, evidence",Central,no,IND_central_2191
"The Contempt of Courts Act, 1971",1971,in_force,24,Crime/police/courts/bail/evidence,"criminal law, procedure, courts, evidence",Central,no,IND_central_1514
"The Court-Fees Act, 1870",1870,in_force,41,Crime/police/courts/bail/evidence,"criminal law, procedure, courts, evidence",Central,no,IND_central_2293
"The Criminal Procedure (Identification) Act, 2022",2022,in_force,10,Crime/police/courts/bail/evidence,"criminal law, procedure, courts, evidence",Central,no,IND_central_19029
"The Goa, Daman and Diu (Extension of the Code of Civil Procedure and the Arbitration Act) Act, 1965",1965,in_force,7,Crime/police/courts/bail/evidence,"criminal law, procedure, courts, evidence",Central,no,IND_central_1575
"The Gram Nyayalayas Act, 2008",2008,in_force,40,Crime/police/courts/bail/evidence,"criminal law, procedure, courts, evidence",Central,no,IND_central_2060
"The Legal Services Authorities Act, 1987",1987,in_force,25,Crime/police/courts/bail/evidence,"criminal law, procedure, courts, evidence",Central,no,IND_central_1925
"The Mediation Act, 2023",2023,in_force,65,Crime/police/courts/bail/evidence,"criminal law, procedure, courts, evidence",Central,no,IND_central_19637
"The Narcotic Drugs and Psychotropic Substances Act, 1985",1985,in_force,105,Crime/police/courts/bail/evidence,"criminal law, procedure, courts, evidence",Central,no,IND_central_1791
"The Notaries Act, 1952",1952,in_force,15,Crime/police/courts/bail/evidence,"criminal law, procedure, courts, evidence",Central,no,IND_central_2172
"The Oaths Act, 1969",1969,in_force,9,Crime/police/courts/bail/evidence,"criminal law, procedure, courts, evidence",Central,no,IND_central_1643
"The Police Act, 1861",1861,in_force,41,Crime/police/courts/bail/evidence,"criminal law, procedure, courts, evidence",Central,no,IND_central_2264
"The Presidency Small Cause Courts Act, 1882",1882,in_force,89,Crime/police/courts/bail/evidence,"criminal law, procedure, courts, evidence",Central,no,IND_central_2371
"The Prevention of Corruption Act, 1988",1988,in_force,34,Crime/police/courts/bail/evidence,"criminal law, procedure, courts, evidence",Central,no,IND_central_1558
"The Prevention of Damage to Public Property Act, 1984",1984,in_force,6,Crime/police/courts/bail/evidence,"criminal law, procedure, courts, evidence",Central,no,IND_central_1770
"The Prevention of Illicit Traffic in Narcotic Drugs and Psychotropic Substances Act, 1988",1988,in_force,3,Crime/police/courts/bail/evidence,"criminal law, procedure, courts, evidence",Central,no,IND_central_1887
"The Prevention of Money-Laundering Act, 2002",2002,in_force,64,Crime/police/courts/bail/evidence,"criminal law, procedure, courts, evidence",Central,no,IND_central_2036
"The Prisoners Act, 1900",1900,in_force,37,Crime/police/courts/bail/evidence,"criminal law, procedure, courts, evidence",Central,no,IND_central_2334
"The Prisons Act, 1894",1894,in_force,61,Crime/police/courts/bail/evidence,"criminal law, procedure, courts, evidence",Central,no,IND_central_2325
"The Probation of Offenders Act, 1958",1958,in_force,19,Crime/police/courts/bail/evidence,"criminal law, procedure, courts, evidence",Central,no,IND_central_1507
"The Protection of Civil Rights Act, 1955",1955,in_force,24,Crime/police/courts/bail/evidence,"criminal law, procedure, courts, evidence",Central,no,IND_central_1544
"The Provincial Small Cause Courts Act, 1887",1887,in_force,31,Crime/police/courts/bail/evidence,"criminal law, procedure, courts, evidence",Central,no,IND_central_2312
"The Public Gambling Act, 1867",1867,in_force,18,Crime/police/courts/bail/evidence,"criminal law, procedure, courts, evidence",Central,no,IND_central_2269
"The Unlawful Activities (Prevention) Act, 1967",1967,in_force,65,Crime/police/courts/bail/evidence,"criminal law, procedure, courts, evidence",Central,no,IND_central_1470
"The Aadhaar (Targeted Delivery of Financial and Other Subsidies, Benefits and Services) Act, 2016",2016,in_force,40,Cyber/IT/data,"cybercrime, e-commerce, personal data, identity",Central,no,IND_central_2160
"The Digital Personal Data Protection Act, 2023",2023,in_force,44,Cyber/IT/data,"cybercrime, e-commerce, personal data, identity",Central,no,IND_central_22037
"The Indian Institutes of Information Technology Act, 2014",2014,in_force,48,Cyber/IT/data,"cybercrime, e-commerce, personal data, identity",Central,no,IND_central_2135
"The Information Technology Act, 2000",2000,in_force,104,Cyber/IT/data,"already in our KB; cybercrime, e-commerce, personal data, identity",Central,yes,IND_central_1999
"The Central Educational Institutions (Reservation in Admission) Act, 2006",2006,in_force,7,Education,student and admission rights,Central,no,IND_central_2091
"The Public Examinations (Prevention of Unfair Means) Act, 2024",2024,in_force,16,Education,student and admission rights,Central,no,IND_central_20100
"The Air (Prevention and Control of Pollution) Act, 1981",1981,in_force,51,Environment/pollution,citizen-facing pollution & wildlife rules,Central,no,IND_central_1389
"The Biological Diversity Act, 2002",2002,in_force,61,Environment/pollution,citizen-facing pollution & wildlife rules,Central,no,IND_central_2046
"The Environment (Protection) Act, 1986",1986,in_force,19,Environment/pollution,citizen-facing pollution & wildlife rules,Central,no,IND_central_1876
"The Indian Forest Act, 1927",1927,in_force,85,Environment/pollution,citizen-facing pollution & wildlife rules,Central,no,IND_central_2388
"The National Green Tribunal Act, 2010",2010,in_force,36,Environment/pollution,citizen-facing pollution & wildlife rules,Central,no,IND_central_2025
"The Prevention of Cruelty to Animals Act, 1960",1960,in_force,41,Environment/pollution,citizen-facing pollution & wildlife rules,Central,no,IND_central_1547
"The Public Liability Insurance Act, 1991",1991,in_force,26,Environment/pollution,citizen-facing pollution & wildlife rules,Central,no,IND_central_1960
"The Van (Sanrakshan Evam Samvardhan) Adhiniyam, 1980",1980,in_force,10,Environment/pollution,citizen-facing pollution & wildlife rules,Central,no,IND_central_1760
"The Water (Prevention and Control of Pollution) Act, 1974",1974,in_force,63,Environment/pollution,citizen-facing pollution & wildlife rules,Central,no,IND_central_1612
"The Wild Life (Protection) Act, 1972",1972,in_force,145,Environment/pollution,citizen-facing pollution & wildlife rules,Central,no,IND_central_1726
"The Anand Marriage Act, 1909",1909,in_force,4,Family/marriage/succession/maintenance,personal-law / family matters,Central,no,IND_central_2347
"The Assisted Reproductive Technology (Regulation) Act, 2021",2021,in_force,46,Family/marriage/succession/maintenance,personal-law / family matters,Central,no,IND_central_17031
"The Births, Deaths and Marriages Registration Act, 1886",1886,in_force,33,Family/marriage/succession/maintenance,personal-law / family matters,Central,no,IND_central_2309
"The Dissolution of Muslim Marriages Act, 1939",1939,in_force,5,Family/marriage/succession/maintenance,personal-law / family matters,Central,no,IND_central_2404
"The Divorce Act, 1869",1869,in_force,53,Family/marriage/succession/maintenance,personal-law / family matters,Central,no,IND_central_2280
"The Dowry Prohibition Act, 1961",1961,in_force,10,Family/marriage/succession/maintenance,already in our KB; personal-law / family matters,Central,yes,IND_central_1679
"The Family Courts Act, 1984",1984,in_force,15,Family/marriage/succession/maintenance,personal-law / family matters,Central,no,IND_central_1844
"The Foreign Marriage Act, 1969",1969,in_force,28,Family/marriage/succession/maintenance,personal-law / family matters,Central,no,IND_central_1720
"The Guardians and Wards Act, 1890",1890,in_force,50,Family/marriage/succession/maintenance,personal-law / family matters,Central,no,IND_central_2318
"The Hindu Adoptions and Maintenance Act, 1956",1956,in_force,22,Family/marriage/succession/maintenance,already in our KB; personal-law / family matters,Central,yes,IND_central_1638
"The Hindu Marriage Act, 1955",1955,in_force,32,Family/marriage/succession/maintenance,already in our KB; personal-law / family matters,Central,yes,IND_central_1560
"The Hindu Minority and Guardianship Act, 1956",1956,in_force,10,Family/marriage/succession/maintenance,personal-law / family matters,Central,no,IND_central_1649
"The Hindu Succession Act, 1956",1956,in_force,30,Family/marriage/succession/maintenance,already in our KB; personal-law / family matters,Central,yes,IND_central_1713
"The Indian Christian Marriage Act, 1872",1872,in_force,69,Family/marriage/succession/maintenance,personal-law / family matters,Central,no,IND_central_2186
"The Indian Succession Act, 1925",1925,in_force,389,Family/marriage/succession/maintenance,personal-law / family matters,Central,no,IND_central_2385
"The Maintenance Orders Enforcement Act, 1921",1921,in_force,12,Family/marriage/succession/maintenance,personal-law / family matters,Central,no,IND_central_2373
"The Maintenance and Welfare of Parents and Senior Citizens Act, 2007",2007,in_force,32,Family/marriage/succession/maintenance,already in our KB; personal-law / family matters,Central,yes,IND_central_2033
"The Majority Act, 1875",1875,in_force,4,Family/marriage/succession/maintenance,personal-law / family matters,Central,no,IND_central_2284
"The Married Womens Property Act, 1874",1874,in_force,9,Family/marriage/succession/maintenance,personal-law / family matters,Central,no,IND_central_2283
"The Muslim Personal Law (Shariat) Application Act, 1937",1937,in_force,4,Family/marriage/succession/maintenance,personal-law / family matters,Central,no,IND_central_2303
"The Muslim Women (Protection of Rights on Divorce) Act, 1986",1986,in_force,3,Family/marriage/succession/maintenance,personal-law / family matters,Central,no,IND_central_1873
"The Muslim Women (Protection of Rights on Marriage) Act, 2019",2019,in_force,6,Family/marriage/succession/maintenance,personal-law / family matters,Central,no,IND_central_11564
"The Parsi Marriage and Divorce Act, 1936",1936,in_force,54,Family/marriage/succession/maintenance,personal-law / family matters,Central,no,IND_central_2476
"The Prohibition of Child Marriage Act, 2006",2006,in_force,12,Family/marriage/succession/maintenance,personal-law / family matters,Central,no,IND_central_2055
"The Registration of Births and Deaths Act, 1969",1969,in_force,24,Family/marriage/succession/maintenance,personal-law / family matters,Central,no,IND_central_1682
"The Special Marriage Act, 1954",1954,in_force,51,Family/marriage/succession/maintenance,already in our KB; personal-law / family matters,Central,yes,IND_central_1387
"The Surrogacy (Regulation) Act, 2021",2021,in_force,52,Family/marriage/succession/maintenance,personal-law / family matters,Central,no,IND_central_17046
"The Citizenship Act, 1955",1955,in_force,18,Fundamental rights/citizenship,civil status and civil rights (Constitution itself not in dataset),Central,no,IND_central_1522
"The Passports Act, 1967",1967,in_force,26,Fundamental rights/citizenship,civil status and civil rights (Constitution itself not in dataset),Central,no,IND_central_1372
"The Cigarettes and Other Tobacco Products (Prohibition of Advertisement and Regulation of Trade and Commerce, Production, Supply and Distribution) Act, 2003",2003,in_force,22,Health,patient and public-health rights,Central,no,IND_central_2053
"The Clinical Establishments (Registration and Regulation) Act, 2010",2010,in_force,33,Health,patient and public-health rights,Central,no,IND_central_2048
"The Drugs and Cosmetics Act, 1940",1940,in_force,68,Health,patient and public-health rights,Central,no,IND_central_2409
"The Epidemic Diseases Act, 1897",1897,in_force,8,Health,patient and public-health rights,Central,no,IND_central_2326
"The Mental Healthcare Act, 2017",2017,in_force,125,Health,patient and public-health rights,Central,no,IND_central_2249
"The Prohibition of Electronic Cigarettes (Production, Manufacture, Import, Export, Transport, Sale, Distribution, Storage and Advertisement) Act, 2019",2019,in_force,16,Health,patient and public-health rights,Central,no,IND_central_13078
"The Transplantation of Human Organs and Tissues Act, 1994",1994,in_force,26,Health,patient and public-health rights,Central,no,IND_central_1962
"The Real Estate (Regulation and Development) Act, 2016",2016,in_force,92,Housing (RERA),homebuyer protection,Central,no,IND_central_2158
"The Apprentices Act, 1961",1961,in_force,41,Labour/wages/employment,"wages, workplace rights, social security",Central,no,IND_central_1668
"The Bonded Labour System (Abolition) Act, 1976",1976,in_force,27,Labour/wages/employment,"wages, workplace rights, social security",Central,no,IND_central_1491
"The Child and Adolescent Labour (Prohibition and Regulation) Act, 1986",1986,in_force,3,Labour/wages/employment,"wages, workplace rights, social security",Central,no,IND_central_1848
"The Code on Social Security, 2020",2020,in_force,147,Labour/wages/employment,"already in our KB; wages, workplace rights, social security",Central,yes,IND_central_16823
"The Code on Wages, 2019",2019,in_force,67,Labour/wages/employment,"already in our KB; wages, workplace rights, social security",Central,yes,IND_central_15793
"The Employees Provident Funds and Miscellaneous Provisions Act, 1952",1952,in_force,64,Labour/wages/employment,"wages, workplace rights, social security",Central,no,IND_central_2152
"The Employment of Manual Scavengers and Construction of Dry Latrines (Prohibition) Act, 1993",1993,in_force,24,Labour/wages/employment,"wages, workplace rights, social security",Central,no,IND_central_1581
"The Industrial Disputes Act, 1947",1947,in_force,78,Labour/wages/employment,"wages, workplace rights, social security",Central,no,IND_central_22042
"The Industrial Employmnet (Standing Orders) Act, 1946",1946,in_force,17,Labour/wages/employment,"wages, workplace rights, social security",Central,no,IND_central_22043
"The Industrial Relations Code, 2020",2020,in_force,104,Labour/wages/employment,"wages, workplace rights, social security",Central,no,IND_central_22040
"The Mahatma Gandhi National Rural Employment Guarantee Act, 2005",2005,in_force,35,Labour/wages/employment,"wages, workplace rights, social security",Central,no,IND_central_2014
"The Occupational Safety, Health and Working Conditions Code, 2020",2020,in_force,142,Labour/wages/employment,"wages, workplace rights, social security",Central,no,IND_central_22041
"The Prohibition of Employment as Manual Scavengers and their Rehabilitation Act, 2013",2013,in_force,39,Labour/wages/employment,"wages, workplace rights, social security",Central,no,IND_central_2119
"The Street Vendors (Protection of Livelihood and Regulation of Street Vending) Act, 2014",2014,in_force,38,Labour/wages/employment,"wages, workplace rights, social security",Central,no,IND_central_2124
"The Trade Unions Act, 1926",1926,in_force,34,Labour/wages/employment,"wages, workplace rights, social security",Central,no,IND_central_22044
"The Bankers Books Evidence Act, 1891",1891,in_force,7,Money/cheques/banking disputes,"cheque bounce, debt recovery, loans, deposits",Central,no,IND_central_2322
"The Banking Regulation Act, 1949",1949,in_force,123,Money/cheques/banking disputes,"cheque bounce, debt recovery, loans, deposits",Central,no,IND_central_1885
"The Banning of Unregulated Deposit Schemes Act, 2019",2019,in_force,44,Money/cheques/banking disputes,"cheque bounce, debt recovery, loans, deposits",Central,no,IND_central_11641
"The Chit Funds Act, 1982",1982,in_force,89,Money/cheques/banking disputes,"cheque bounce, debt recovery, loans, deposits",Central,no,IND_central_1797
"The Credit Information Companies (Regulation) Act, 2005",2005,in_force,37,Money/cheques/banking disputes,"cheque bounce, debt recovery, loans, deposits",Central,no,IND_central_2057
"The Insolvency and Bankruptcy Code, 2016",2016,in_force,268,Money/cheques/banking disputes,"cheque bounce, debt recovery, loans, deposits",Central,no,IND_central_2154
"The Insurance Act, 1938",1938,in_force,131,Money/cheques/banking disputes,"cheque bounce, debt recovery, loans, deposits",Central,no,IND_central_2304
"The Interest Act, 1978",1978,in_force,5,Money/cheques/banking disputes,"cheque bounce, debt recovery, loans, deposits",Central,no,IND_central_1724
"The Negotiable Instruments Act, 1881",1881,in_force,140,Money/cheques/banking disputes,"already in our KB; cheque bounce, debt recovery, loans, deposits",Central,yes,IND_central_2189
"The Payment and Settlement Systems Act, 2007",2007,in_force,39,Money/cheques/banking disputes,"cheque bounce, debt recovery, loans, deposits",Central,no,IND_central_2082
"The Presidency-Towns Insolvency Act, 1909",1909,in_force,122,Money/cheques/banking disputes,"cheque bounce, debt recovery, loans, deposits",Central,no,IND_central_19722
"The Prize Chits and Money Circulation Schemes (Banning) Act, 1978",1978,in_force,14,Money/cheques/banking disputes,"cheque bounce, debt recovery, loans, deposits",Central,no,IND_central_1628
"The Provincial Insolvency Act, 1920",1920,in_force,84,Money/cheques/banking disputes,"cheque bounce, debt recovery, loans, deposits",Central,no,IND_central_19723
"The Recovery Of Debts And Bankruptcy Act, 1993",1993,in_force,38,Money/cheques/banking disputes,"cheque bounce, debt recovery, loans, deposits",Central,no,IND_central_1775
"The Securitisation and Reconstruction of Financial Assets and Enforcement of Security Interest Act, 2002",2002,in_force,49,Money/cheques/banking disputes,"cheque bounce, debt recovery, loans, deposits",Central,no,IND_central_2006
"The Usurious Loans Act, 1918",1918,in_force,3,Money/cheques/banking disputes,"cheque bounce, debt recovery, loans, deposits",Central,no,IND_central_2362
"The Motor Vehicles Act, 1988",1988,in_force,216,Motor vehicles/transport,"already in our KB; driving, accidents, insurance, traffic",Central,yes,IND_central_1798
"The Ajmer Tenancy and Land Records Act, 1950",1950,in_force,201,Property/rent/registration/land,"property transfer, rent, registration, land",Central,no,IND_central_1796
"The Cantonments (Extension of Rent Control Laws) Act, 1957",1957,in_force,3,Property/rent/registration/land,"property transfer, rent, registration, land",Central,no,IND_central_1379
"The Central Provinces Tenancy Act, 1898",1898,in_force,100,Property/rent/registration/land,"property transfer, rent, registration, land",Central,no,IND_central_19250
"The Delhi (Urban Areas) Tenants Relief Act, 1961",1961,in_force,5,Property/rent/registration/land,"property transfer, rent, registration, land",Central,no,IND_central_1695
"The Delhi Apartment Ownership Act, 1986",1986,in_force,27,Property/rent/registration/land,"property transfer, rent, registration, land",Central,no,IND_central_1805
"The East Punjab Urban Rent Restriction Act (Extension to Chandigarh) Act, 1974",1974,in_force,4,Property/rent/registration/land,"property transfer, rent, registration, land",Central,no,IND_central_1610
"The Indian Easements Act, 1882",1882,in_force,64,Property/rent/registration/land,"property transfer, rent, registration, land",Central,no,IND_central_2349
"The Indian Stamp Act, 1899",1899,in_force,76,Property/rent/registration/land,"property transfer, rent, registration, land",Central,no,IND_central_15510
"The Partition Act, 1893",1893,in_force,7,Property/rent/registration/land,"property transfer, rent, registration, land",Central,no,IND_central_5657
"The Prohibition of Benami Property Transactions Act, 1988",1988,in_force,63,Property/rent/registration/land,"property transfer, rent, registration, land",Central,no,IND_central_1840
"The Public Premises (Eviction of Unauthorised Occupants) Act, 1971",1971,in_force,24,Property/rent/registration/land,"property transfer, rent, registration, land",Central,no,IND_central_1609
"The Punjab Tenancy Act, 1887",1887,in_force,108,Property/rent/registration/land,"property transfer, rent, registration, land",Central,no,IND_central_19230
"The Registration Act, 1908",1908,in_force,76,Property/rent/registration/land,"property transfer, rent, registration, land",Central,no,IND_central_2190
"The Right to Fair Compensation and Transparency in Land Acquisition, Rehabilitation and Resettlement Act, 2013",2013,in_force,115,Property/rent/registration/land,"property transfer, rent, registration, land",Central,no,IND_central_2121
"The Scheduled Tribes and Other Traditional Forest Dwellers (Recognition of Forest Rights) Act, 2006",2006,in_force,14,Property/rent/registration/land,"property transfer, rent, registration, land",Central,no,IND_central_2070
"The Slum Areas (Improvement and Clearance) Act, 1956",1956,in_force,39,Property/rent/registration/land,"property transfer, rent, registration, land",Central,no,IND_central_1709
"The Transfer of Property Act, 1882",1882,in_force,128,Property/rent/registration/land,"already in our KB; property transfer, rent, registration, land",Central,yes,IND_central_2338
"The delhi rent control act, 1958",1958,in_force,60,Property/rent/registration/land,"property transfer, rent, registration, land",Central,no,IND_central_19223
"The Right to Information Act, 2005",2005,in_force,30,RTI/transparency,already in our KB; access to government information & services,Central,yes,IND_central_2065
"The Commission of Sati (Prevention ) Act, 1987",1987,in_force,18,Women/children/elderly/disability protection,protection statutes,Central,no,IND_central_1814
"The Commissions for Protection of Child Rights Act, 2005",2005,in_force,37,Women/children/elderly/disability protection,protection statutes,Central,no,IND_central_2056
"The Human Immunodeficiency Virus and Acquired Immune Deficiency Syndrome (Prevention and Control) Act, 2017",2017,in_force,49,Women/children/elderly/disability protection,protection statutes,Central,no,IND_central_2254
"The Immoral Traffic (Prevention) Act, 1956",1956,in_force,22,Women/children/elderly/disability protection,protection statutes,Central,no,IND_central_19243
"The Indecent Representation of Women (Prohibition) Act, 1986",1986,in_force,8,Women/children/elderly/disability protection,protection statutes,Central,no,IND_central_1768
"The Infant Milk Substitutes, Feeding Bottles and Infant Foods (Regulation of Production, Supply and Distribution) Act, 1992",1992,in_force,3,Women/children/elderly/disability protection,protection statutes,Central,no,IND_central_1958
"The Juvenile Justice (Care and Protection of Children) Act, 2015",2015,in_force,110,Women/children/elderly/disability protection,protection statutes,Central,no,IND_central_2148
"The Medical Termination of Pregnancy Act, 1971",1971,in_force,9,Women/children/elderly/disability protection,protection statutes,Central,no,IND_central_1593
"The National Commission for Women Act, 1990",1990,in_force,14,Women/children/elderly/disability protection,protection statutes,Central,no,IND_central_1944
"The National Trust for Welfare of Persons with Autism, Cerebral Palsy, Mental Retardation and Multiple Disabilities Act, 1999",1999,in_force,35,Women/children/elderly/disability protection,protection statutes,Central,no,IND_central_1951
"The Orphanages and other Charitable Homes (Supervision and Control) Act, 1960",1960,in_force,31,Women/children/elderly/disability protection,protection statutes,Central,no,IND_central_13052
"The Protection of Children from Sexual Offences Act, 2012",2012,in_force,41,Women/children/elderly/disability protection,already in our KB; protection statutes,Central,yes,IND_central_2079
"The Protection of Women from Domestic Violence Act, 2005",2005,in_force,36,Women/children/elderly/disability protection,already in our KB; protection statutes,Central,yes,IND_central_2021
"The Right of Children to Free and Compulsory Education Act, 2009",2009,in_force,31,Women/children/elderly/disability protection,protection statutes,Central,no,IND_central_2086
"The Rights of Persons with Disabilities Act, 2016",2016,in_force,100,Women/children/elderly/disability protection,protection statutes,Central,no,IND_central_2155
"The Sexual Harassment of Women at Workplace (Prevention, Prohibition and Redressal) Act, 2013",2013,in_force,29,Women/children/elderly/disability protection,already in our KB; protection statutes,Central,yes,IND_central_2104
"The Transgender Persons (Protection of Rights) Act, 2019",2019,in_force,22,Women/children/elderly/disability protection,protection statutes,Central,no,IND_central_13091
"The Women’s and Children’s Institutions (Licensing) Act, 1956",1956,in_force,12,Women/children/elderly/disability protection,protection statutes,Central,no,IND_central_19281
"The KARNATAKA CIVIL COURTS ACT, 1964",1964,in_force,29,Crime/police/courts/bail/evidence,"criminal law, procedure, courts, evidence",Karnataka,no,IND_state_7624
"The KARNATAKA CONTROL OF ORGANIZED CRIMES ACTS, 2000",2000,in_force,29,Crime/police/courts/bail/evidence,"criminal law, procedure, courts, evidence",Karnataka,no,IND_state_8190
"The KARNATAKA COURT-FEE AND SUITS VALUATION ACT, 1958",1958,in_force,73,Crime/police/courts/bail/evidence,"criminal law, procedure, courts, evidence",Karnataka,no,IND_state_7625
"The KARNATAKA POLICE ACT, 1963",1963,in_force,170,Crime/police/courts/bail/evidence,"criminal law, procedure, courts, evidence",Karnataka,no,IND_state_8195
"The KARNATAKA SMALL CAUSE COURTS ACT, 1964",1964,in_force,29,Crime/police/courts/bail/evidence,"criminal law, procedure, courts, evidence",Karnataka,no,IND_state_7611
"The KARNATAKA EDUCATION ACT, 1983",1983,in_force,146,Education,student and admission rights,Karnataka,no,IND_state_7138
"The KARNATAKA EDUCATIONAL INSTITUTIONS (PROHIBITION OF CAPITATION FEE) ACT, 1984",1984,in_force,15,Education,student and admission rights,Karnataka,no,IND_state_7139
"The KARNATAKA PRESERVATION OF TREES ACT, 1976",1976,in_force,34,Environment/pollution,citizen-facing pollution & wildlife rules,Karnataka,no,IND_state_7008
"The KARNATAKA MARRIAGES (REGISTRATION AND MISCELLANEOUS PROVISIONS) ACT, 1976",1976,in_force,35,Family/marriage/succession/maintenance,personal-law / family matters,Karnataka,no,IND_state_7898
"The KARNATAKA PRIVATE MEDICAL ESTABLISHMENTS ACT, 2007",2007,in_force,24,Health,patient and public-health rights,Karnataka,no,IND_state_7097
"The KARNATAKA DAILY WAGE EMPLOYEES WELFARE ACT, 2012",2012,in_force,11,Labour/wages/employment,"wages, workplace rights, social security",Karnataka,no,IND_state_7134
"The KARNATAKA PAYMENT OF SUBSISTENCE ALLOWANCE ACT, 1988",1988,in_force,12,Labour/wages/employment,"wages, workplace rights, social security",Karnataka,no,IND_state_7607
"The KARNATAKA SHOPS AND COMMERCIAL ESTABLISHMENTS ACT, 1961",1961,in_force,41,Labour/wages/employment,"wages, workplace rights, social security",Karnataka,no,IND_state_7609
"The BRUHAT BENGALURU MAHANAGARA PALIKE ACT, 2020",2020,in_force,368,Local bodies (Karnataka),municipal / panchayat governance citizens deal with,Karnataka,no,IND_state_17244
The GREATER BENGALURU GOVERNANCE ACT 2024,2024,in_force,351,Local bodies (Karnataka),municipal / panchayat governance citizens deal with,Karnataka,no,IND_state_21664
"The KARNATAKA GRAM SWARAJ AND PANCHAYAT RAJ ACT, 1993",1993,in_force,347,Local bodies (Karnataka),municipal / panchayat governance citizens deal with,Karnataka,no,IND_state_7595
"The KARNATAKA MUNICIPAL CORPORATIONS ACT, 1976",1976,in_force,529,Local bodies (Karnataka),municipal / panchayat governance citizens deal with,Karnataka,no,IND_state_8129
"The KARNATAKA MUNICIPALITIES ACT, 1964",1964,in_force,359,Local bodies (Karnataka),municipal / panchayat governance citizens deal with,Karnataka,no,IND_state_8130
"The KARNATAKA DEBT RELIEF ACT, 1976",1976,in_force,10,Money/cheques/banking disputes,"cheque bounce, debt recovery, loans, deposits",Karnataka,no,IND_state_7135
"The KARNATAKA DEBT RELIEF ACT, 1980",1980,in_force,14,Money/cheques/banking disputes,"cheque bounce, debt recovery, loans, deposits",Karnataka,no,IND_state_8127
"The KARNATAKA DEBT RELIEF ACT, 2018",2018,in_force,18,Money/cheques/banking disputes,"cheque bounce, debt recovery, loans, deposits",Karnataka,no,IND_state_17216
"The KARNATAKA MICRO LOAN AND SMALL LOAN (PREVENTION OF COERCIVE ACTIONS) ACT, 2025",2025,in_force,19,Money/cheques/banking disputes,"cheque bounce, debt recovery, loans, deposits",Karnataka,no,IND_state_21666
"The KARNATAKA MONEY-LENDERS ACT, 1961",1961,in_force,45,Money/cheques/banking disputes,"cheque bounce, debt recovery, loans, deposits",Karnataka,no,IND_state_7208
"The KARNATAKA PAWNBROKERS ACT, 1961",1961,in_force,24,Money/cheques/banking disputes,"cheque bounce, debt recovery, loans, deposits",Karnataka,no,IND_state_7163
The KARNATAKA PROHIBITION OF CHARGING EXORBITANT INTEREST ACT 2004,2004,in_force,16,Money/cheques/banking disputes,"cheque bounce, debt recovery, loans, deposits",Karnataka,no,IND_state_7174
"The KARNATAKA MOTOR VEHICLES TAXATION ACT, 1957",1957,in_force,32,Motor vehicles/transport,"driving, accidents, insurance, traffic",Karnataka,no,IND_state_7605
"The KARNATAKA TRAFFIC CONTROL ACT, 1960",1960,in_force,24,Motor vehicles/transport,"driving, accidents, insurance, traffic",Karnataka,no,IND_state_7618
"The KARNATAKA ACQUISITION OF LANDS FOR GRANT OF HOUSE SITES ACT, 1972",1972,in_force,7,Property/rent/registration/land,"property transfer, rent, registration, land",Karnataka,no,IND_state_7613
"The KARNATAKA APARTMENT OWNERSHIP ACT, 1972",1972,in_force,27,Property/rent/registration/land,"property transfer, rent, registration, land",Karnataka,no,IND_state_7623
"The KARNATAKA LAND (RESTRICTION ON TRANSFER) ACT, 1991",1991,in_force,12,Property/rent/registration/land,"property transfer, rent, registration, land",Karnataka,no,IND_state_7806
"The KARNATAKA LAND GRABBING PROHIBITION ACT, 2011",2011,in_force,21,Property/rent/registration/land,"property transfer, rent, registration, land",Karnataka,no,IND_state_7805
"The KARNATAKA LAND REFORMS ACT, 1961",1961,in_force,135,Property/rent/registration/land,"property transfer, rent, registration, land",Karnataka,no,IND_state_7740
"The KARNATAKA PUBLIC PREMISES (EVICTION OF UNAUTHORISED OCCUPANTS) ACT, 1974",1974,in_force,19,Property/rent/registration/land,"property transfer, rent, registration, land",Karnataka,no,IND_state_7742
"The KARNATAKA RENT ACT, 1999",1999,in_force,70,Property/rent/registration/land,"already in our KB; property transfer, rent, registration, land",Karnataka,yes,IND_state_7810
"The KARNATAKA SLUM AREAS DEVELOPMENT ACT, 1973",1973,in_force,77,Property/rent/registration/land,"property transfer, rent, registration, land",Karnataka,no,IND_state_7610
"The KARNATAKA STAMP ACT, 1957",1957,in_force,76,Property/rent/registration/land,"property transfer, rent, registration, land",Karnataka,no,IND_state_7744
"The KARNATAKA TOWN AND COUNTRY PLANNING ACT, 1961",1961,in_force,105,Property/rent/registration/land,"property transfer, rent, registration, land",Karnataka,no,IND_state_7905
"The KARNATAKA SAKAALA SERVICES ACT, 2011",2011,in_force,18,RTI/transparency,access to government information & services,Karnataka,no,IND_state_7187
"The KARNATAKA DEVADASIS (PROHIBITION OF DEDICATION) ACT, 1982",1982,in_force,12,Women/children/elderly/disability protection,protection statutes,Karnataka,no,IND_state_7912
"The KARNATAKA PROHIBITION OF BEGGARY ACT, 1975",1975,in_force,41,Women/children/elderly/disability protection,protection statutes,Karnataka,no,IND_state_7808
"The KARNATAKA STATE COMMISSION FOR WOMEN ACT, 1995",1995,in_force,20,Women/children/elderly/disability protection,protection statutes,Karnataka,no,IND_state_7902
