act,section
"Code of Civil Procedure, 1908",1
"Code of Civil Procedure, 1908",1A
"Code of Civil Procedure, 1908",2A
"Code of Civil Procedure, 1908",3A
"Code of Civil Procedure, 1908",3B
"Code of Civil Procedure, 1908",4
"Code of Civil Procedure, 1908",5A
"Code of Civil Procedure, 1908",5B
"Code of Civil Procedure, 1908",6
"Code of Civil Procedure, 1908",6A
"Code of Civil Procedure, 1908",7
"Code of Civil Procedure, 1908",8
"Code of Civil Procedure, 1908",8A
"Code of Civil Procedure, 1908",9
"Code of Civil Procedure, 1908",9A
"Code of Civil Procedure, 1908",10
"Code of Civil Procedure, 1908",10A
"Code of Civil Procedure, 1908",11
"Code of Civil Procedure, 1908",11A
"Code of Civil Procedure, 1908",12
"Code of Civil Procedure, 1908",13
"Code of Civil Procedure, 1908",14
"Code of Civil Procedure, 1908",15
"Code of Civil Procedure, 1908",15A
"Code of Civil Procedure, 1908",16
"Code of Civil Procedure, 1908",18
"Code of Civil Procedure, 1908",19
"Code of Civil Procedure, 1908",20
"Code of Civil Procedure, 1908",21
"Code of Civil Procedure, 1908",23
"Code of Civil Procedure, 1908",23A
"Code of Civil Procedure, 1908",24
"Code of Civil Procedure, 1908",25
"Code of Civil Procedure, 1908",26
"Code of Civil Procedure, 1908",26A
"Code of Civil Procedure, 1908",27
"Code of Civil Procedure, 1908",28
"Code of Civil Procedure, 1908",29
"Code of Civil Procedure, 1908",30
"Code of Civil Procedure, 1908",31
"Code of Civil Procedure, 1908",32
"Code of Civil Procedure, 1908",33
"Code of Civil Procedure, 1908",34
"Code of Civil Procedure, 1908",35
"Code of Civil Procedure, 1908",36
"Code of Civil Procedure, 1908",40
"Code of Civil Procedure, 1908",41
"Code of Civil Procedure, 1908",42
"Code of Civil Procedure, 1908",45
"Code of Civil Procedure, 1908",46
"Code of Civil Procedure, 1908",47
"Code of Civil Procedure, 1908",48
"Code of Civil Procedure, 1908",49
"Code of Civil Procedure, 1908",50
"Code of Civil Procedure, 1908",51
"Code of Civil Procedure, 1908",53
"Code of Civil Procedure, 1908",55
"Code of Civil Procedure, 1908",59
"Code of Civil Procedure, 1908",60
"Code of Civil Procedure, 1908",61
"Code of Civil Procedure, 1908",62
"Code of Civil Procedure, 1908",63
"Code of Civil Procedure, 1908",68
"Code of Civil Procedure, 1908",69
"Code of Civil Procedure, 1908",71
"Code of Civil Procedure, 1908",72
"Code of Civil Procedure, 1908",73
"Code of Civil Procedure, 1908",79
"Code of Civil Procedure, 1908",80
"Code of Civil Procedure, 1908",86
"Code of Civil Procedure, 1908",89
"Code of Civil Procedure, 1908",90
"Code of Civil Procedure, 1908",92
"Code of Civil Procedure, 1908",97
"Code of Civil Procedure, 1908",100
"Code of Civil Procedure, 1908",104
"Code of Civil Procedure, 1908",115
"Code of Civil Procedure, 1908",310
"Industrial Disputes Act, 1947",1
"Industrial Disputes Act, 1947",2
"Industrial Disputes Act, 1947",2A
"Industrial Disputes Act, 1947",3
"Industrial Disputes Act, 1947",4
"Industrial Disputes Act, 1947",6
"Industrial Disputes Act, 1947",7A
"Industrial Disputes Act, 1947",7C
"Industrial Disputes Act, 1947",9A
"Industrial Disputes Act, 1947",9B
"Industrial Disputes Act, 1947",9C
"Industrial Disputes Act, 1947",10A
"Industrial Disputes Act, 1947",15
"Industrial Disputes Act, 1947",22
"Industrial Disputes Act, 1947",25
"Industrial Disputes Act, 1947",25B
"Industrial Disputes Act, 1947",25C
"Industrial Disputes Act, 1947",25D
"Industrial Disputes Act, 1947",25E
"Industrial Disputes Act, 1947",25F
"Industrial Disputes Act, 1947",25G
"Industrial Disputes Act, 1947",25H
"Industrial Disputes Act, 1947",25J
"Industrial Disputes Act, 1947",25K
"Industrial Disputes Act, 1947",25L
"Industrial Disputes Act, 1947",25M
"Industrial Disputes Act, 1947",25O
"Industrial Disputes Act, 1947",25P
"Industrial Disputes Act, 1947",25Q
"Industrial Disputes Act, 1947",25R
"Industrial Disputes Act, 1947",25S
"Industrial Disputes Act, 1947",25T
"Industrial Disputes Act, 1947",25U
"Industrial Disputes Act, 1947",26
"Industrial Disputes Act, 1947",27
"Industrial Disputes Act, 1947",28
"Industrial Disputes Act, 1947",29
"Industrial Disputes Act, 1947",30
"Industrial Disputes Act, 1947",30A
"Industrial Disputes Act, 1947",31
"Industrial Disputes Act, 1947",33C
"Industrial Disputes Act, 1947",36
"Industrial Disputes Act, 1947",36A
"Industrial Disputes Act, 1947",40
"Industrial Disputes Act, 1947",251
"Industrial Disputes Act, 1947",1948
"Industrial Disputes Act, 1947",1950
"Indian Stamp Act, 1899",2
"Indian Stamp Act, 1899",3
"Indian Stamp Act, 1899",4
"Indian Stamp Act, 1899",5
"Indian Stamp Act, 1899",6
"Indian Stamp Act, 1899",7
"Indian Stamp Act, 1899",9
"Indian Stamp Act, 1899",13
"Indian Stamp Act, 1899",14
"Indian Stamp Act, 1899",17
"Indian Stamp Act, 1899",24
"Indian Stamp Act, 1899",28
"Indian Stamp Act, 1899",32
"Indian Stamp Act, 1899",33
"Indian Stamp Act, 1899",34
"Indian Stamp Act, 1899",36
"Indian Stamp Act, 1899",37
"Indian Stamp Act, 1899",39
"Indian Stamp Act, 1899",40
"Indian Stamp Act, 1899",42
"Indian Stamp Act, 1899",43
"Indian Stamp Act, 1899",44
"Indian Stamp Act, 1899",45
"Indian Stamp Act, 1899",49
"Indian Stamp Act, 1899",50
"Indian Stamp Act, 1899",51
"Indian Stamp Act, 1899",52
"Indian Stamp Act, 1899",53
"Indian Stamp Act, 1899",54
"Indian Stamp Act, 1899",55
"Indian Stamp Act, 1899",56
"Indian Stamp Act, 1899",57
"Indian Stamp Act, 1899",58
"Indian Stamp Act, 1899",60
"Indian Stamp Act, 1899",61
"Indian Stamp Act, 1899",62
"Indian Stamp Act, 1899",63
"Indian Stamp Act, 1899",64
"Indian Stamp Act, 1899",65
"Indian Stamp Act, 1899",66
"Indian Stamp Act, 1899",67
"Indian Stamp Act, 1899",68
"Indian Stamp Act, 1899",69
"Indian Stamp Act, 1899",72
"Indian Stamp Act, 1899",73
"Indian Stamp Act, 1899",74
"Indian Stamp Act, 1899",76
"Indian Stamp Act, 1899",76A
"Indian Stamp Act, 1899",77
"Indian Stamp Act, 1899",77A
"Indian Stamp Act, 1899",78
"Indian Stamp Act, 1899",1870
"Indian Stamp Act, 1899",1991
"Recovery Of Debts And Bankruptcy Act, 1993",11
"Recovery Of Debts And Bankruptcy Act, 1993",23
"Recovery Of Debts And Bankruptcy Act, 1993",33
