act,act_id,level,status,sections_in_source,basis,quote
"Goa, Daman and Diu (Extension of the Code of Civil Procedure and the Arbitration Act) Act, 1965",IND_central_1575,Central,OK,7,title ('Goa'); extent clause not extractable,"The Goa, Daman and Diu (Extension of the Code of Civil Procedure and the Arbitration Act) Act, 1965"
"Presidency Small Cause Courts Act, 1882",IND_central_2371,Central,OK,100,section 5,"There shall be in each of the towns of Calcutta, Madras and Bombay a Court, to be called the Court of Small Causes of Calcutta, Madras or Bombay"
"Public Gambling Act, 1867",IND_central_2269,Central,OK,18,long title,"An Act to provide for the punishment of public gambling and the keeping of common gaming-houses in the United Provinces, East Punjab, Delhi and the Central Provinces"
"Ajmer Tenancy and Land Records Act, 1950",IND_central_1796,Central,OK,205,title ('Ajmer'); extent clause not extractable,"The Ajmer Tenancy and Land Records Act, 1950"
"Cantonments (Extension of Rent Control Laws) Act, 1957",IND_central_1379,Central,OK,3,extent clause,It extends to the Cantonment of Mhow. (
"Central Provinces Tenancy Act, 1898",IND_central_19250,Central,OK,100,extent clause,It extends to all the territories for the time being administered by the Chief Commissioner of the Central Provinces ; and (3) It shall come into force at once. 2. D
"Delhi Apartment Ownership Act, 1986",IND_central_1805,Central,OK,27,extent clause,It extends to the whole of the Union territory of Delhi. (
"East Punjab Urban Rent Restriction Act (Extension to Chandigarh) Act, 1974",IND_central_1610,Central,OK,4,title ('Punjab'); extent clause not extractable,"The East Punjab Urban Rent Restriction Act (Extension to Chandigarh) Act, 1974"
"Slum Areas (Improvement and Clearance) Act, 1956",IND_central_1709,Central,OK,44,extent clause,"It extends to all Union territories except the Union territories of the Andaman and Nicobar Islands and the Laccadive, Minicoy and Amindivi Islands. ("
"delhi rent control act, 1958",IND_central_19223,Central,OK,67,extent clause (section 1(2)),It extends to the areas included within the limits of the New Delhi Municipal Committee and the Delhi Cantonment Board and to such urban areas within the limits of the Municipal Corporation of Delhi as are specified in the First Schedule
"Clinical Establishments (Registration and Regulation) Act, 2010",IND_central_2048,Central,NEEDS CHECK,55,extent clause,"It applies, in the first instance, to the whole of the States of Arunachal Pradesh, Himachal Pradesh, Mizoram and Sikkim and the Union territories; and it shall apply to such other State which adopts this Act by resolution passed in that behalf under clause (1) of article 252 of the Constitution. ("
