act,section,rule,chars,excerpt
"Indian Trust Act, 1882",94,omitted_repealed,179,"**94.** [ _Constructive trusts in cases not expressly provided for_ ] _.—Rep. by the Benami Transactions_ ( _Prohibition_ ) _Act,_ 1988 (45 "
"Powers-of Attorney Act, 1882",6,omitted_repealed,128,"6. [Repealed.]. [Act 28 of 1866, section 39 repealed.] Rep. by the Amending Act, 1891 (12 of 1891), s. 2 and the First Schedule."
"Code of Civil Procedure, 1908",1,cpc_failed_pdf_check,81077,1. The Code of Civil Procedure of 1882 has been in force for 25 years and the experience of those years had shown that the general lines on 
"Code of Civil Procedure, 1908",68,cpc_failed_pdf_check,694,**68.** [ _Power to prescribe rules for transferring to collector execution of certain decrees_ .] **—** _Rep._ _by the Code of Civil Proced
"Code of Civil Procedure, 1908",69,cpc_failed_pdf_check,1025,"**69.** [ _Provisions of Third Schedule to apply._ ] _— Rep. by s._ 7 _ibid,_ ( _w.e.f._ 1-1-1957) _._ **69. Adjournment or stoppage of sale"
"Code of Civil Procedure, 1908",70,omitted_repealed,234,"**70.** [ _Rules of Procedure._ ] **—** _Rep. by s._ 7 _ibid,_ ( _w.e.f._ 1-1-1957) _._ **70.** [ _Saving of certain sales._ ] _Omitted by t"
"Code of Civil Procedure, 1908",71,cpc_failed_pdf_check,602,"**71.** [ _Collector deemed to be acting judicially._ ] **—** _Rep. by s._ 7 _ibid,_ ( _w.e.f._ 1-1-1957) _._ **71. Defaulting purchaser ans"
"Code of Civil Procedure, 1908",72,cpc_failed_pdf_check,1218,"**72.** [ _Where Court may authorize Collector to stay Public Sale of Land._ ] **—** _Rep. by s._ 7, _ibid._ - ( _w.e.f._ 1-1-1957) _._ ## _"
"Code of Civil Procedure, 1908",6A,cpc_failed_pdf_check,719,"> **1[6A** . **Counter-claim by defendant.—** ( _1_ ) A defendant in a suit may, in addition to his right of > 4 **[6A. Preparation of decre"
"Code of Civil Procedure, 1908",2,oversized_over_20000_chars,75756,**2** . **Suit to include the whole claim.—** ( _1_ ) Every suit shall include the whole of the claim which the plaintiff is entitled to mak
"Code of Civil Procedure, 1908",15,cpc_failed_pdf_check,8860,> 1 **[15. Where service may be on an adult member of defendant's family.** — Where in any suit the defendant is absent from his residence a
"Code of Civil Procedure, 1908",3A,cpc_failed_pdf_check,6492,"> 1 **[3A. Party to appear before other witnesses.—** Where a party himself wishes to appear as a witness, he shall so appear before any oth"
"Code of Civil Procedure, 1908",4,cpc_failed_pdf_check,39484,"> 2 **[4. Recording of evidence.—** (1) In every case, the examination-in-chief of a witness shall be on affidavit and copies thereof shall "
"Code of Civil Procedure, 1908",1A,cpc_failed_pdf_check,59595,"> **3[1A. Direction of the court to opt for any one mode of alternative dispute resolution.—** After recording the admissions and denials, t"
"Code of Civil Procedure, 1908",5,oversized_over_20000_chars,45367,"> 1 **[** 2 **5. How evidence shall be taken in appealable cases.—** In case in which an appeal is allowed, the evidence of each witness sha"
"Code of Civil Procedure, 1908",2A,cpc_failed_pdf_check,6362,"*[ **2A. Where interest is sought in the suit.** —( _1_ ) Where the plaintiff seeks interest, the plaint shall contain a statement to that e"
"Code of Civil Procedure, 1908",3,oversized_over_20000_chars,122767,"1 **3** . **Substance of examination to be written.—** The substance of the examination shall be reduced to writing by the Judge, and shall "
"Code of Civil Procedure, 1908",13,cpc_failed_pdf_check,11979,"**13** . **Mode of attachment > 2. Rule 12 renumbered as sub-rule ( _1_ ) by s. 66, _ibid._ (w.e.f. 1-2-1977). > 3. Ins. by s. 66, _ibid._ ("
"Code of Civil Procedure, 1908",10A,cpc_failed_pdf_check,11844,"> 1 **[10A. Power of Court to fix a date of appearance in the Court where plaint is to be filed after its return.—** ( _1_ ) Where, in any s"
"Code of Civil Procedure, 1908",9,cpc_failed_pdf_check,19316,"> 1[2 **9. When evidence may be taken in English.—** ( _1_ ) Where English is not the language of the Court, but all the parties to the suit"
"Code of Civil Procedure, 1908",3B,cpc_failed_pdf_check,1689,**3B** . **No agreement or compromise to be entered in a representative suit without leave of Court** .—( _1_ ) No agreement or compromise i
"Code of Civil Procedure, 1908",4A,oversized_over_20000_chars,34778,"> 1 **[4A. Reference to High Court under proviso to section 113.** —The provisions of rules 2, 3 and 4 shall apply to any reference by the C"
"Code of Civil Procedure, 1908",6,cpc_failed_pdf_check,55072,"> **6[6. Judgment on admissions.—** ( _1_ ) Where admissions of fact have been made either in the pleading or otherwise, whether orally or i"
"Code of Civil Procedure, 1908",7,cpc_failed_pdf_check,36537,"**7. Affidavit of signature > 5. Second proviso omitted by Act 46 of 1999, s. 22 (w.e.f. 1-7-2002). > 6. Subs. by Act 104 of 1976, s. 62, fo"
"Code of Civil Procedure, 1908",5A,cpc_failed_pdf_check,1101,> 10 **[5A. Government to be joined as a party in a suit against a public officer.** —Where a suit is instituted against a public officer fo
"Code of Civil Procedure, 1908",5B,cpc_failed_pdf_check,1728,**5B. Duty of Court in suits against the Government or a public officer to assist in arriving at a settlement** .—( _1_ ) In every suit or p
"Code of Civil Procedure, 1908",8,cpc_failed_pdf_check,24649,> **1[8. One person may sue or defend on behalf of all in same interest.—** ( _1_ ) Where there are numerous persons having the same interes
"Code of Civil Procedure, 1908",8A,cpc_failed_pdf_check,13070,"**8A.** [ _Duty of defendant to produce documents upon which relief is claimed by him._ ] _omitted by Act_ > 46 _of_ 1999, _s_ . 18 ( _w.e.f"
"Code of Civil Procedure, 1908",10,cpc_failed_pdf_check,18643,"> 4 **[10. Costs of mortgagee subsequent to decree.—** In finally adjusting the amount to be paid to a mortgagee in case of a foreclosure, s"
"Code of Civil Procedure, 1908",9A,cpc_failed_pdf_check,2808,"> [3] [ **9A. Court to assign a pleader to an unrepresented indigent person.—** ( _1_ ) Where a person, who is permitted to sue as an indige"
"Code of Civil Procedure, 1908",11,cpc_failed_pdf_check,12231,"> 3 **11** . **Questions objected to and allowed by Court.** —Where any question put to a witness is objected to by a party or his pleader, "
"Code of Civil Procedure, 1908",11A,cpc_failed_pdf_check,1760,> 5 **[11A. Time within which hearing under rule 11 should be concluded.—** Every appeal shall be hear under rule 11 as expeditiously as pos
"Code of Civil Procedure, 1908",12,cpc_failed_pdf_check,11712,"**12. Refund of balance deposit.** —When the copy of the record, except as aforesaid, has been transmitted to[1] [the Supreme Court], the ap"
"Code of Civil Procedure, 1908",14,cpc_failed_pdf_check,10862,**14.** [ _Judge unable to make such memorandum to record reasons of his inability_ ] _omitted by the Code of Civil Procedure (Amendment) Ac
"Code of Civil Procedure, 1908",16,cpc_failed_pdf_check,8148,"> 3 **16. Power to examine witness immediately.—** ( _1_ ) Where a witness is about to leave the jurisdiction of the Court, or other suffici"
"Code of Civil Procedure, 1908",15A,cpc_failed_pdf_check,2461,"> **6[15A. Grant of time for payment of court-fee.—** Nothing contained in rule 5, rule 7 or rule 15 shall prevent a Court, while rejecting "
"Code of Civil Procedure, 1908",18,cpc_failed_pdf_check,7100,**18.** [ _Dismissal of appeal where notice not served in consequence of appellant's failure to deposit cost_ .] _Omitted by the Code of Civ
"Code of Civil Procedure, 1908",17A,omitted_repealed,222,**17A.** [ _Production of evidence not previously known or which could not be produced despite due diligence._ ] _omitted by the Code of Civ
"Code of Civil Procedure, 1908",19,cpc_failed_pdf_check,5316,"**19. Re-admission of appeal dismissed for default.** —Where an appeal is dismissed under rule 11, sub-rule ( _2_ ) or rule 17[2] [***] the "
"Code of Civil Procedure, 1908",20,cpc_failed_pdf_check,4174,— **20. Power to adjourn hearing and direct persons appearing interested to be made respondents.** 3[( _1_ )] Where it appears to the Court 
"Code of Civil Procedure, 1908",20A,omitted_repealed,160,"> 1[ **20A.** _Service of summons by post._ ] _Rep. by the Code of Civil Procedure_ ( _Amendment_ ) _Act,_ 1976 (104 _of_ 1976) _, s._ 55 ( "
"Code of Civil Procedure, 1908",21,cpc_failed_pdf_check,4288,**21. Re-hearing on application of respondent against whom** _**ex parte**_ **decree made.—** Where an appeal is heard _ex parte_ and judgme
"Code of Civil Procedure, 1908",23,cpc_failed_pdf_check,1815,**23. Remand of case by Appellate Court.—** Where the Court from whose decree an appeal is preferred has disposed of the suit upon a prelimi
"Code of Civil Procedure, 1908",23A,cpc_failed_pdf_check,410,> **3[23A. Remand in other cases.—** Where the Court from whose decree an appeal is preferred has disposed of the case otherwise than on a p
"Code of Civil Procedure, 1908",24,cpc_failed_pdf_check,3556,**24. Where evidence on record sufficient Appellate Court may determine case finally.—** Where the evidence upon the record is sufficient to
"Code of Civil Procedure, 1908",25,cpc_failed_pdf_check,2177,**25. Where Appellate Court may frame issues and refer them for trial to Court whose decree appealed from.—** Where the Court from whose dec
"Code of Civil Procedure, 1908",26,cpc_failed_pdf_check,3715,## 8 **[26. Service in foreign territory through Political Agent or Court.—** Where **—** ( _a_ ) in the exercise of any foreign jurisdictio
"Code of Civil Procedure, 1908",26A,cpc_failed_pdf_check,1252,"> **1[26A. Order of remand to mention date of next hearing.—** Where the Appellate Court remands a case under rule 23 or rule 23A, or frames"
"Code of Civil Procedure, 1908",27,cpc_failed_pdf_check,1784,**27. Production of additional evidence in Appellate Court.—** ( _1_ ) The parties to an appeal shall not be entitled to produce additional 
"Code of Civil Procedure, 1908",28,cpc_failed_pdf_check,1997,"**28. Mode of taking additional evidence.—** Wherever additional evidence is allowed to be produced, the Appellate Court may either take suc"
"Code of Civil Procedure, 1908",29,cpc_failed_pdf_check,1227,> 5 **[29. Service of foreign summonses.—** Summonses and other processes issued by— ( _a_ ) any Civil or Revenue Court established in any p
"Code of Civil Procedure, 1908",30,cpc_failed_pdf_check,1845,"**30. Judgment when and where pronounced.—**[2] [( _1_ )] The Appellate Court, after hearing the parties or their pleaders and referring to "
"Code of Civil Procedure, 1908",31,cpc_failed_pdf_check,2115,"**31. Contents, date and signature of judgment.—** The judgment of the Appellate Court shall be in writing and shall state— ( _a_ ) the poin"
"Code of Civil Procedure, 1908",32,cpc_failed_pdf_check,3496,"**32. What judgment may direct.—** The judgment may be for confirming, varying or reversing the decree from which the appeal is preferred, o"
"Code of Civil Procedure, 1908",33,cpc_failed_pdf_check,3040,**33. Power of Court of Appeal.—** The Appellate Court shall have power to pass any decree and make any order which ought to have been passe
"Code of Civil Procedure, 1908",34,cpc_failed_pdf_check,2463,"**34. Dissent to be recorded.—** Where the Appeal is heard by more judges than one, any judge dissenting from the judgment of the Court shal"
"Code of Civil Procedure, 1908",35,cpc_failed_pdf_check,4740,> 3 **35. Date and contents of decree.—** ( _1_ ) The decree of the Appellate Court shall bear date the day on which the judgment was pronou
"Code of Civil Procedure, 1908",36,cpc_failed_pdf_check,1119,**36. Copies of judgment and decree to be furnished to parties.—** Certified copies of the judgment and decree in appeal shall be furnished 
"Code of Civil Procedure, 1908",40,cpc_failed_pdf_check,2509,> 3 **[40. Proceedings on appearance of judgment-debtor in obedience to notice or after arrest.—** ( _1_ ) When a judgment-debtor appears be
"Code of Civil Procedure, 1908",41,cpc_failed_pdf_check,1798,**41. Result of execution proceedings to be certified.—** The Court to which a decree is sent for execution shall certify to the Court which
"Code of Civil Procedure, 1908",42,cpc_failed_pdf_check,4641,"**42. Attachment in case of decree for rent or** _**mesne**_ **profits or other matter, amount of which to be subsequently determined.—** Wh"
"Code of Civil Procedure, 1908",45,cpc_failed_pdf_check,4269,> 1 **[45. Execution of decrees outside India.—** So much of the foregoing sections of this Part as empowers a Court to send a decree for ex
"Code of Civil Procedure, 1908",46,cpc_failed_pdf_check,2422,"**46. Precepts.—** ( _1_ ) Upon the application of the decree-holder the Court which passed the decree may, whenever it thinks fit, issue a "
"Code of Civil Procedure, 1908",47,cpc_failed_pdf_check,1807,**47. Attachment of share in movables.—** Where the property to be attached consists of the share or interest of the judgment-debtor in mova
"Code of Civil Procedure, 1908",48,cpc_failed_pdf_check,6267,"**48.** [ _Execution barred in certain cases._ ] _Rep. by the Limitation Act,_ 1963 (36 _of_ 1963), _s._ 28 ( _w.e.f._ 1-1-1964). > 1. Subs."
"Code of Civil Procedure, 1908",49,cpc_failed_pdf_check,2132,**49. Transferee.—** Every transferee of a decree shall hold the same subject to the equities (if any) which the judgment-debtor might have 
"Code of Civil Procedure, 1908",50,cpc_failed_pdf_check,2503,"**50. Legal representative.—** ( _1_ ) Where a judgment-debtor dies before the decree has been fully satisfied, the holder of the decree may"
"Code of Civil Procedure, 1908",51,cpc_failed_pdf_check,2403,"**51. Attachment of negotiable instruments.—** Where the property is a negotiable instrument not deposited in a Court, not in the custody of"
"Code of Civil Procedure, 1908",53,cpc_failed_pdf_check,3509,"**53. Liability of ancestral property.—** For the purposes of section 50 and section 52, property in the hands of a son or other descendant "
"Code of Civil Procedure, 1908",55,cpc_failed_pdf_check,3952,**55. Removal of attachment after satisfaction of decree.—** Where **—** ( _a_ ) the amount decreed with costs and all charges and expenses 
"Code of Civil Procedure, 1908",59,cpc_failed_pdf_check,1563,"**59. Stay of sale.** —Where before the claim was preferred or the objection was made, the property attached had already been advertised for"
"Code of Civil Procedure, 1908",60,cpc_failed_pdf_check,1931,"**60.** [ _Release of property from attachment_ .] _Omitted by the Code of Civil Procedure_ ( _Amendment_ ) _Act_ , 1976 (104 _of_ 1976), _s"
"Code of Civil Procedure, 1908",61,cpc_failed_pdf_check,819,"**61.** [ _Disallowance of claim to property attached_ .] _Omitted by s._ 72, _ibid._ ( _w.e.f._ 1-2-1977). **61. Partial exemption of agric"
"Code of Civil Procedure, 1908",62,cpc_failed_pdf_check,1262,"**62.** [ _Continuance of attachment subject to claim of incumbrancer_ .] _Omitted by s._ 72, _ibid._ ( _w.e.f._ 1-2-1977). **62. Seizure of"
"Code of Civil Procedure, 1908",63,cpc_failed_pdf_check,1243,"**63.** [ _Saving of suits to establish right to attached property_ .] _Omitted by s._ 72, _ibid._ ( _w.e.f._ 1-2-1977).] > 1. Subs. by Act "
"Code of Civil Procedure, 1908",73,cpc_failed_pdf_check,2288,**73. Restriction on bidding or purchase by officers.—** No officer or other person having any duty to perform in connection with any sale s
"Code of Civil Procedure, 1908",79,cpc_failed_pdf_check,1198,"**79. Delivery of movable property, debts and shares.—** ( _1_ ) Where the property sold is movable property of which actual seizure has bee"
"Code of Civil Procedure, 1908",80,cpc_failed_pdf_check,2684,**80. Transfer of negotiable instruments and shares.—** ( _1_ ) Where the execution of a document or the endorsement of the party in whose n
"Code of Civil Procedure, 1908",86,cpc_failed_pdf_check,2555,"**86** . **Procedure in default of payment.—** In default of payment within the period mentioned in the last preceding rule, the deposit may"
"Code of Civil Procedure, 1908",89,cpc_failed_pdf_check,2742,"**89. Application to set aside sale on deposit.—** ( _1_ ) Where immovable property has been sold in execution of a decree,[1] [any person c"
"Code of Civil Procedure, 1908",90,cpc_failed_pdf_check,1582,> **2[90. Application to set aside sale on ground of irregularity or fraud.—** ( _1_ ) Where any immovable property has been sold in executi
"Code of Civil Procedure, 1908",92,cpc_failed_pdf_check,4162,"**92** . **Sale when to become absolute or be set aside.—** ( _1_ ) Where no application is made under rule 89, rule 90 or rule 91, or where"
"Code of Civil Procedure, 1908",97,cpc_failed_pdf_check,12205,**97. Appeal from final decree where no appeal from preliminary decree.—** Where any party aggrieved by a preliminary decree passed after th
"Code of Civil Procedure, 1908",100,cpc_failed_pdf_check,882,"> 8 **[100. Second appeal.—** ( _1_ ) Save as otherwise expressly provided in the body of this Code or by any > 1. Ins. by Act 104 of 1976, "
"Code of Civil Procedure, 1908",104,cpc_failed_pdf_check,1894,> 2 **[104. Orders under rule 101 or rule 103 to be subject to the result or pending suit.—** Every order made under rule 101 or rule 103 sh
"Code of Civil Procedure, 1908",111,omitted_repealed,63,**111.** [ _Bar of certain appeals._ ] _Rep. by the A.O._ 1950.
"Code of Civil Procedure, 1908",111A,omitted_repealed,127,"1 **[111A.** [ _Appeals to Federal Court_ ] _Rep. by the Federal Court Act,_ 1941 (21 _of_ 1941), _s_ . 2 ( _w.e.f._ 1-9-1942)."
"Code of Civil Procedure, 1908",115,cpc_failed_pdf_check,10584,"**115. Revision** .—(1) The High Court, in cases arising out of original suits or other proceedings of the value exceeding five lakhs rupees"
"Code of Civil Procedure, 1908",154,omitted_repealed,344,"**154.** [ _Saving of present right of appeal._ ] _Rep. by the Repealing and Amending Act,_ 1952 (48 _of_ 1952) _, s._ 2 _and Sch. I._ **155"
"Code of Civil Procedure, 1908",310,cpc_failed_pdf_check,44453,"> **310. Return of plaint.—** ( _1_ ) 4[ Subject to the provisions of rule 10A, the plaint shall] at any stage of the suit be returned to be"
"Criminal Procedure (Identification) Act, 2022",5,statement_of_objects_bill_note,302,"5. The Criminal Procedure (Identification) Bill, 2022 provides for legal sanction for taking appropriate body measurements of persons who ar"
"Narcotic Drugs and Psychotropic Substances Act, 1985",65,omitted_repealed,224,**65** . [ _Power to make rules regulating disposal of confiscated articles and rewards_ ].— _Omitted by the Narcotic Drugs and Psychotropic
"Oaths Act, 1969",2,only_schedule_items,509,"**2. Saving of certain oaths and affirmations 2. The Commission has strongly opposed the retention of the provisions, namely, Ss 9 to 12, re"
"Police Act, 1861",2,omitted_repealed,558,"2. So much of s. 42 (the portion printed in italics) as relates to the limitation of suits rep. by Act 9 of 1871, s. 2 and the First Schedul"
"Prevention of Corruption Act, 1988",31,statement_of_objects_bill_note,1515,"**31.** [ _Omission of certain sections of Act_ 45 _of_ 1860.] _Rep. by the Repealing and Amending Act,_ 2001(30 _of_ 2001), _s._ 2 _and the"
"Prevention of Money-Laundering Act, 2002",27,omitted_repealed,144,"**27.** [ _Compositions, etc., of Appellate Tribunal._ ] _Omitted by the Finance Act,_ 2016 _(_ 28 _of_ 2016 _), s._ 232 _(w.e.f._ 1-6-2016 "
"Prisoners Act, 1900",20,omitted_repealed,194,**20.** [ _Enactments respecting persons under sentence of transportation or imprisonment with hard labour applied to persons under sentence
"Prisoners Act, 1900",24,omitted_repealed,141,"**24. [** _Execution of warrant._ ] _Omitted by the Criminal Law (Removal of Racial Discriminations) Act, 1949_ ( _17 of 1949_ ) _. s._ 4 _."
"Prisoners Act, 1900",25,omitted_repealed,100,"**25. [** _Licensee when arrested to be brought up for recommitment_ ] _. Omitted by s._ 4, ibid _._"
"Prisoners Act, 1900",26,too_short_under_40_chars,55,"**26. [** _Recommitment_ .] _Omitted by s._ 4, ibid _._"
"Prisoners Act, 1900",27,omitted_repealed,89,"**27. [** _Penalty for breach of condition of the license._ ] _Omitted by s._ 4, ibid _._"
"Prisoners Act, 1900",31,omitted_repealed,193,"**31.** [ _Removal of prisoners from territories under one Local Government to territories under another._ ] _Repealed by the Amending Act,_"
"Prisoners Act, 1900",35,omitted_repealed,117,"**35.** [ _Power of Civil Courts to require appearance of prisoner to give evidence._ ] _Repealed by s._ 10 _,_ ibid."
"Prisoners Act, 1900",36,omitted_repealed,120,"**36.** [ _District Judge in certain cases to countersign orders made under section 35._ ] _Repealed by s._ 10 _,_ ibid."
"Prisoners Act, 1900",38,omitted_repealed,153,**38. [** _Order to be transmitted through Magistrate of the District or subdivision in which person is confined_ **.]** _Repealed by s._ 10
"Prisoners Act, 1900",40,omitted_repealed,115,"**40.** [ _Persons confined beyond limits of appellate jurisdiction of High Court._ ] _Repealed by s._ 10 _,_ ibid."
"Prisoners Act, 1900",44,omitted_repealed,85,"**44.** [ _Commissions for examination of prisoners._ ] _Repealed by s._ 10 _,_ ibid."
"Prisoners Act, 1900",47,omitted_repealed,76,"**47. [** _Process how served on prisoners._ ] _Repealed by s._ 10 _,_ ibid."
"Prisoners Act, 1900",49,omitted_repealed,88,"**49. [** _Application of Part in certain cases._ **]** _Repealed by s._ 10 _,_ ibid _._"
"Prisoners Act, 1900",50,omitted_repealed,61,"**50.** [ _Deposit of costs._ ] _Repealed by s._ 10 _,_ ibid."
"Prisons Act, 1894",60,omitted_repealed,150,"**60.** [ _Power of Local Government to make rules_ ] Omitted by the Government of India (Adaptation of Indian Laws) Order, 1937. **60.** _["
"Prisons Act, 1894",61,too_short_under_40_chars,295,"**61. Exhibition of copies of rules.—** Copies of rules, under [section 59] so far as they affect the government of prisons, shall be exhibi"
"Unlawful Activities (Prevention) Act, 1967",16A,omitted_repealed,237,"**16A.** [ _Punishment for making demands of radioactive substances, nuclear devices, etc._ ] _Omitted by the Unlawful Activities (Preventio"
"Aadhaar (Targeted Delivery of Financial and Other Subsidies, Benefits and Services) Act, 2016",57,omitted_repealed,202,**— 57. Act not to prevent use of Aadhaar number for other purposes under law.** _Omitted by the Aadhaar and Other Laws_ ( _Amendment_ ) _Ac
"Indian Institutes of Information Technology Act, 2014",1,statement_of_objects_bill_note,688,1. Ins. by Act 25 of 2017 s.4 (w.e.f. 07-09-2017). ## STATEMENT OF OBJECTS AND REASONS Education is a key element for developing human resou
"Public Examinations (Prevention of Unfair Means) Act, 2024",7,statement_of_objects_bill_note,575,7. Such other authority as may be notified by the Central Government. __________ ## STATEMENT OF OBJECTS AND REASONS Government has introduc
"Air (Prevention and Control of Pollution) Act, 1981",50,omitted_repealed,179,"**50** . [ _Power to amend the Schedule._ ] _—Omitted by the Air_ ( _Prevention and Control of Pollution_ ) _Amendment Act,_ 1987 (47 _of_ 1"
"Biological Diversity Act, 2002",58,omitted_repealed,154,"— **58. [Offences to be cognizable and non-bailable.]** _Omitted by the Biological Diversity (Amendment)_ Act, 2023 (10 of 2023), s. 39 (w.e"
"Indian Forest Act, 1927",86,omitted_repealed,438,"**86.** [ _Repeals_ ].— _Rep. by the Repealing and Amending Act,_ 1948 (2 _of_ 1948), _s._ 2 _and the Schedule. THE SCHEDULE_ .—[ _Enactment"
"Public Liability Insurance Act, 1991",16,omitted_repealed,161,"**16. [Offences by companies** .]— _Omitted by the Jan Vishwas (Amendment of Provisions) Act_ , 2023 (18 _of_ 2023), _s_ . 2 _and Schedule_ "
"Wild Life (Protection) Act, 1972",8,oversized_over_20000_chars,101106,"8. Rainforest Tube-nosed Bat _Murina pluvialis_ 9. Sombre Bat _Eptesicus tatei_ - **CETACEANS** 8. The terms and expressions below, used in "
"Wild Life (Protection) Act, 1972",13,omitted_repealed,313,"**13** . [ _Suspension or cancellation of licence_ ] _.—Omitted by the Wild Life_ ( _Protection_ ) _Amendment Act,_ 1991 (44 _of_ 1991) _, s"
"Wild Life (Protection) Act, 1972",14,omitted_repealed,513,"**14.** [ _Appeals_ ] _.—Omitted by, s._ 12, _ibid_ . ( _w.e.f._ 2-10-1991) _._ > 1. Subs. by Act 16 of 2003, s.9, for ""such animal or cause"
"Wild Life (Protection) Act, 1972",15,omitted_repealed,115,"**15.** [ _Hunting of young and female of wild animals_ ].— _Omitted by, s._ 12, _ibid_ . ( _w.e.f._ 2-10-1991) _._"
"Wild Life (Protection) Act, 1972",17,omitted_repealed,143,"**17.** [ _Restrictions on hunting_ ].— _Omitted by, s._ 12, _ibid_ . ( _w.e.f._ 2-10-1991) _._ 1[CHAPTER IIIA PROTECTION OF SPECIFIED PLANT"
"Wild Life (Protection) Act, 1972",37,omitted_repealed,215,"**37.** [ _Declaration of closed area._ ] _—Omitted by the Wild Life (Protection) Amendment Act,_ 2002 (16 _of_ 2003) _, s._ 21( _w.e.f._ 1-"
"Wild Life (Protection) Act, 1972",286,oversized_over_20000_chars,46957,286. Common Chaffinch 287. Common Linnet 288. Common Rosefinch 289. Crimson-browed Finch 290. Crimson-winged Finch 291. Dark-breasted Rosefi
"Births, Deaths and Marriages Registration Act, 1886",15,omitted_repealed,73,**15.** [ _Power to remove Registrars_ ]. **—** _Rep. by the A.O_ . 1937.
"Births, Deaths and Marriages Registration Act, 1886",37,omitted_repealed,183,"**37. [** _Procedure for making and publication of rules_ ] **.** _Rep. by the Births, Deaths and Marriages Registration_ ( _Amendment_ ) _A"
"Dissolution of Muslim Marriages Act, 1939",2,too_short_under_40_chars,133,"2. The words ―except the State of Jammu and Kashmir‖ omitted by Act 34 of 2019, s. 95 and the Fifth Schedule > (w.e.f. 31-10- 2019)."
"Divorce Act, 1869",7,omitted_repealed,172,"**7.** [ _Court to act on principles of English Divorce Court_ ] _._ —[ _Omitted by the IndianDivorce (Amendment) Act,_ 2001 (51 _of_ 2001),"
"Divorce Act, 1869",17A,omitted_repealed,213,"**17A.** [ _Appointment of officer to exercise duties of King's Proctor_ ].—[ _Omitted by the Indian_ Divorce ( _Amendment_ ) _Act_ , 2001 ("
"Divorce Act, 1869",20,omitted_repealed,163,"**20.** [ _Confirmation of District Judge's decree_ ].—[ _Omitted by the Indian Divorce_ ( _Amendment_ ) Act, 2001 (51 _of_ 2001), _s._ 16 ("
"Divorce Act, 1869",34,omitted_repealed,161,"**34.** [ _Husband may claim damages from adulterer_ ]. **—** [ _Omitted by the Indian Divorce_ (Amendment) Act, 2001 (51 of 2001), s. 19 ( "
"Divorce Act, 1869",35,omitted_repealed,120,"**35.** [ _Power to order adulterer to pay costs_ ].—[ _Omitted by_ s. 20, _ibid_ . ( _w.e.f._ 3-10-2001)]. IX.—ALIMONY"
"Divorce Act, 1869",39,omitted_repealed,205,**39** . [ _Power to order settlement of wife's property for benefit of husband and children_ ].—[ _Omitted by the Indian Divorce_ ( _Amendm
"Foreign Marriage Act, 1969",4,too_short_under_40_chars,86,4. I am a citizen of............................................... (to be filled up)
"Guardians and Wards Act, 1890",4,too_short_under_40_chars,556,"> 4. The word ""and"" omitted by Act 40 of 1949, s. 3 and the Second Schedule. > 5. Subs. by the A.O. 1937, for ""the G.G. in C., or by a Gover"
"Guardians and Wards Act, 1890",5,omitted_repealed,173,"**5.** [ _Power of parents to appoint in case of European British subjects_ .] _Omitted by the Part B States_ ( _Laws_ ) _Act_ , 1951 (3 _of"
"Indian Christian Marriage Act, 1872",1,too_short_under_40_chars,1426,"1. Subs. by Act 12 of 1891, s. 2 and the Second Schedule, for ""(see section 28)"". ## SCHEDULE IV ( _See_ sections 32 and 54) MARRIAGE REGIST"
"Indian Christian Marriage Act, 1872",56,omitted_repealed,109,56. [ _Officers to whom Registrars in Indian States shall send certificates._ ) _Omitted by the A. O_ . 1950.
"Indian Christian Marriage Act, 1872",86,omitted_repealed,102,**86** . [ _Powers and functions exercisable as regards Indian States._ ] _Omitted by the A.O_ . 1950.
"Indian Christian Marriage Act, 1872",88,schedule,3363,SCHEDULE I 88. Non-validation of marriages within prohibited degrees. SCHEDULE I.—NOTICE OF MARRIAGE. SCHEDULE II.—CERTIFICATE OF RECEIPT OF
"Maintenance Orders Enforcement Act, 1921",2,too_short_under_40_chars,206,"> 2. Section12, renumbered as sub-section ( _1_ ) thereof by Act 20 of 1983, s. 2 and the Schedule (w.e.f. 15-3-1984). > 3. Subs. by s. 2 an"
"Parsi Marriage and Divorce Act, 1936",2,too_short_under_40_chars,341,"2. Subs. by Act 3 of 1951, s. 3 and the Schedule for ""It extends to the whole of India except Part B States and, in respect of Parsi citizen"
"Parsi Marriage and Divorce Act, 1936",53,omitted_repealed,1101,"**53. [** _**Repealed**_ **].—** _Rep. by the Repealing and Amending Act_ , 1937 (20 _of_ 1937), _s._ 3 _and the Second Schedule_ . > 1. Ins"
"Surrogacy (Regulation) Act, 2021",3,statement_of_objects_bill_note,2623,"3. The Surrogacy (Regulation) Bill, 2019, inter alia, provides for the following, namely:— ( _a_ ) to constitute the Surrogacy Boards at Nat"
"Passports Act, 1967",18,omitted_repealed,631,"**18.** [Passports, etc., not to be issued to persons who cannot emigrate under Act 7 of 1922].— _Omitted by the Passports_ ( _Amendment_ ) "
"Epidemic Diseases Act, 1897",5,too_short_under_40_chars,292,"> 5. Paragraph ( _a_ ) omitted, _ibid._ > 6. Sub-section ( _3_ ) omitted by Act 38 of 1920, s. 2 and the First Schedule. > 7. Ins. by Act 38"
"Industrial Employmnet (Standing Orders) Act, 1946",15,too_short_under_40_chars,4097,"15. Power to make rules. - THE SCHEDULE ## THE INDUSTRIAL EMPLOYMENT (STANDING ORDERS) ACT, 1946 ## ACT NO. 20 OF 1946[1] [23 _rd April_ , 1"
"Occupational Safety, Health and Working Conditions Code, 2020",1,oversized_over_20000_chars,40786,"21. Occupational or contact dermatitis caused by direct contact with chemicals and paints. These are of two types, that is, primary irritant"
"Occupational Safety, Health and Working Conditions Code, 2020",9,statement_of_objects_bill_note,585,"29. Toxic nephritis. ## STATEMENT OF OBJECTS AND REASONS The Second National Commission on Labour, which submitted its report in June, 2002,"
"Prohibition of Employment as Manual Scavengers and their Rehabilitation Act, 2013",1,too_short_under_40_chars,129,"1. The words ""except the State of Jammu and Kashmir"" omitted by Act 34 of 2019, s. 95 and the Fifth Schedule (w.e.f. 31-10-2019)."
"Banking Regulation Act, 1949",45K,omitted_repealed,181,"**45K.** [ _Power of High Court to enforce schemes of arrangements, etc._ ] _Omitted by the Banking Companies (Amendment) Act_ , 1959 (33 _o"
"Securitisation and Reconstruction of Financial Assets and Enforcement of Security Interest Act, 2002",28,omitted_repealed,247,**28.** [ _Penalties for non-compliance of direction of Reserve Bank._ ] _Omitted by the Enforcement of Security Interest and Recovery of De
"Registration Act, 1908",4,omitted_repealed,153,**4.** [ _Branch Inspector-General of Sindh_ **(** _Repealed_ **)** .]— _Rep. by the Government of India_ ( _Adaptation of Indian Laws_ ) _O
"Registration Act, 1908",67,omitted_repealed,282,"**67** . [ _Procedure after registration under section 30, sub-section_ ( _2_ ).] _Omitted by the Registration and Other Related Laws_ ( _Am"
"Commission of Sati (Prevention ) Act, 1987",19,omitted_repealed,180,"**19.** [ _**Amendment of Act**_ **43** _**of**_ **1951** ] _.—Rep. by the Repealing and Amending Act,_ 2001 (30 _of_ 2001) _s._ 2 _and the "
"Immoral Traffic (Prevention) Act, 1956",2A,omitted_repealed,406,> **7[2A.** _Rule of construction regarding enactments not extending to Jammu and Kashmir_ **.]** — _Omitted by the Jammu and Kashmir Reorga
"Immoral Traffic (Prevention) Act, 1956",10,omitted_repealed,242,> 6* * * * * > **7[10. [** _Release on probation of good conduct or after due admonition_ **.]** _Omitted by the Suppression of Immoral Traf
"Immoral Traffic (Prevention) Act, 1956",12,omitted_repealed,214,**12. [** _Security for good behaviour from habitual offenders_ **.]** _Omitted by the Suppression of Immoral Traffic in Women and Girls_ ( 
"Karnataka Court-fee and Suits Valuation Act, 1958",72,too_short_under_40_chars,66,**72.[1] [xxx][1]** 1. Omitted by Act 10 of 2003 w.e.f. 1.4.2003.
"Karnataka Court-fee and Suits Valuation Act, 1958",74,too_short_under_40_chars,67,**74.[1] [xxx][1]** 1. Omitted by Act 10 of 2003 w.e.f. 1.4.2003.
"Karnataka Court-fee and Suits Valuation Act, 1958",75,too_short_under_40_chars,67,**75.[1] [xxx][1]** 1. Omitted by Act 10 of 2003 w.e.f. 1.4.2003.
"Karnataka Court-fee and Suits Valuation Act, 1958",76,too_short_under_40_chars,67,**76.[1] [xxx][1]** 1. Omitted by Act 10 of 2003 w.e.f. 1.4.2003.
"Karnataka Police Act, 1963",23,too_short_under_40_chars,18,> 1[ **23.** x x x
"Karnataka Police Act, 1963",24,too_short_under_40_chars,13,**24.** x x x
"Karnataka Police Act, 1963",25,too_short_under_40_chars,64,**25.** x x x][1 ] 1. Omitted by Act 14 of 1990 w.e.f. 2.4.1992
"Karnataka Shops and Commercial Establishments Act, 1961",23,too_short_under_40_chars,64,**1[23. x x x]1** 1. Omitted by Act 4 of 1969 w.e.f. 16.5.1969.
"Karnataka Money-lenders Act, 1961",12,too_short_under_40_chars,68,1[ **12** . x x x]1 1. Omitted by Act 77 of 1976 w.e.f. 27.10.1976.
"Karnataka Motor Vehicles Taxation Act, 1957",1,oversized_over_20000_chars,47112,"**1. Short title and commencement** :- (1) This Act may be called the Karnataka Motor Vehicles Taxation (Amendment) Act, 2018. (2) It shall "
"Karnataka Motor Vehicles Taxation Act, 1957",4,oversized_over_20000_chars,39486,"**4. Power to remove difficulty.-** If any difficulty arises in giving effect to the provisions of this Amendment Act, the State Government "
"Karnataka Motor Vehicles Taxation Act, 1957",17A,too_short_under_40_chars,21,> 1[ **17A.** x x x]1
"Karnataka Land (Restriction on Transfer) Act, 1991",1,too_short_under_40_chars,0,
"Karnataka Land Reforms Act, 1961",1,oversized_over_20000_chars,86559,"**1. Short title and commencement.-** (1) This Act may be called the K arnataka Land Reforms (Amendment) Act, 2016. - (3) It shall come into"
"Karnataka Land Reforms Act, 1961",56,too_short_under_40_chars,67,> 1[ **56.** x x x]1 1. Omitted by Act 12 of 1977 w.e.f. 1.3.1974.
"Karnataka Land Reforms Act, 1961",14,too_short_under_40_chars,66,> 1[ **14.** x x x]1 1. Omitted by Act 1 of 1974 w.e.f. 1.3.1974.
"Karnataka Land Reforms Act, 1961",16,too_short_under_40_chars,74,> 1[ **16. 17. 18.** x x x]1 1. Omitted by Act 1 of 1974 w.e.f. 1.3.1974.
"Karnataka Land Reforms Act, 1961",28,too_short_under_40_chars,20,> 1[ **28.** x x x]1
"Karnataka Land Reforms Act, 1961",103,too_short_under_40_chars,67,> 1[ **103.** x x x]1 1. Omitted by Act 1 of 1974 w.e.f. 1.3.1974.
"Karnataka Land Reforms Act, 1961",105,too_short_under_40_chars,67,> 1[ **105.** x x x]1 1. Omitted by Act 1 of 1974 w.e.f. 1.3.1974.
"Karnataka Land Reforms Act, 1961",111,too_short_under_40_chars,119,> 2[ **111.** x x x]2 1. Substituted by Act 6 of 1970 w.e.f. 15.1.1970. 2. Omitted by Act 6 of 1970 w.e.f. 15.1.1970.
"Karnataka Land Reforms Act, 1961",131,too_short_under_40_chars,67,> 1[ **131.** x x x]1 1. Omitted by Act 1 of 1974 w.e.f. 1.3.1974.
"Karnataka Stamp Act, 1957",5,too_short_under_40_chars,148,5. Substituted by Act 8 of 1995 w.e.f. 1.4.1995 and substituted by Act 6 of 1999 w.e.f. 1.4.1999. 5. Substituted by Act 07 of 2016 w.e.f. 01
"Karnataka Stamp Act, 1957",30,oversized_over_20000_chars,33947,"**30.** 1[(1) Lease of immoveable property including an under-lease or sub-lease and any agreement to let or sub-let where by such lease, th"
"Karnataka State Commission for Women Act, 1995",20,statement_of_objects_bill_note,3524,## **STATEMENT OF OBJECTS AND REASONS** **Act 17 of 1995 20. Power to remove difficulties. Summary of Amendments ## **STATEMENT OF OBJECTS A
"Arbitration and Conciliation Act, 1996",51,duplicate_text,208,Saving. Nothing in this Chapter shall prejudice any rights which any person would have had of enforcing in India of any award or of availing
"Arbitration and Conciliation Act, 1996",60,duplicate_text,208,Saving. Nothing in this Chapter shall prejudice any rights which any person would have had of enforcing in India of any award or of availing
"Insolvency and Bankruptcy Code, 2016",93,duplicate_text,154,Standard of conduct. The resolution professional shall perform his functions and duties in compliance with the code of conduct provided unde
"Insolvency and Bankruptcy Code, 2016",120,duplicate_text,154,Standard of conduct. The resolution professional shall perform his functions and duties in compliance with the code of conduct provided unde
"Industrial Relations Code, 2020",68,duplicate_text,404,Duty of an employer to maintain muster rolls of workers. Notwithstanding that workers in any industrial establishment have been laid-off. it
"Industrial Relations Code, 2020",81,duplicate_text,404,"Duty of an employer to maintain muster rolls of workers. Notwithstanding that workers in any industrial establishment have been laid-off, it"
"Prisoners Act, 1900",14,duplicate_text,257,"References in this Part to prisons, etc., to be construed as referring also to Reformatory Schools. In this Part all references to prisons o"
"Prisoners Act, 1900",28,duplicate_text,258,"References in this Part to prisons, etc., to be construed as referring also to Reformatory Schools. In this Part, all references to prisons "
"Drugs and Cosmetics Act, 1940",9,duplicate_text,509,"Misbranded drugs. For the purposes of this Chapter, a drug shall be deemed to be misbranded— (a) if it is so coloured, coated, powdered or p"
"Drugs and Cosmetics Act, 1940",9A,duplicate_text,810,"Adulterated drugs. For the purposes of this Chapter, a drug shall be deemed to be adulterated,— (a) if it consists, in whole or in part, of "
"Drugs and Cosmetics Act, 1940",9C,duplicate_text,347,"Misbranded cosmetics. For the purposes of this Chapter, a cosmetic shall be deemed to be misbranded— (a) if it contains a colour which is no"
"Drugs and Cosmetics Act, 1940",17,duplicate_text,510,"Misbranded drugs. For the purposes of this Chapter, a drug shall be deemed to be misbranded,— (a) if it is so coloured, coated, powdered or "
"Drugs and Cosmetics Act, 1940",17A,duplicate_text,810,"Adulterated drugs. For the purposes of this Chapter, a drug shall be deemed to be adulterated,— (a) if it consists in whole or in part, of a"
"Drugs and Cosmetics Act, 1940",17C,duplicate_text,348,"Misbranded cosmetics. For the purposes of this Chapter, a cosmetic shall be deemed to be misbranded,— (a) if it contains a colour which is n"
