act,act_id,extent_clause,source
"The Drugs and Magic Remedies (Objectionable Advertisement) Act, 1954",IND_central_1412,"It extends to the whole of India except the State of Jammu and Kashmir, and applies also to persons domiciled in the territories to which this Act extends who are outside the said territories. (",PDF first pages
"The Food Safety and Standards Act, 2006",IND_central_2027,It extends to the whole of India. (,PDF first pages
"The Legal Metrology Act, 2009",IND_central_2102,It extends to the whole of India. (,PDF first pages
"The National Food Security Act, 2013",IND_central_2113,It extends to the whole of India. (,PDF first pages
"The Sale of Goods Act, 1930",IND_central_2390,"It extends to the whole of India 4***.] (3) It shall come into force on the 1st day of July, 1930. 2. D",PDF first pages
"The Indian Partnership Act, 1932",IND_central_2394,"It extends to the whole of India 2[3***].] (3) It shall come into force on the 1st day of October, 1932, except section 69, which shall come into force on the 1st day of October, 1933. 2. D",PDF first pages
"The Indian Trust Act, 1882",IND_central_2327,,PDF first pages
"The Limitation Act, 1963",IND_central_1565,It extends to the whole of India 1***. (,PDF first pages
"The Powers-of Attorney Act, 1882",IND_central_2360,,PDF failed: HTTPError
"The Arbitration and Conciliation Act, 1996",IND_central_1978,"It extends to the whole of India: 1* * * * * (3) It shall come into force on such date 2 as the Central Government may, by notification in the Official Gazette, appoint. P",PDF first pages
"The Code of Civil Procedure, 1908",IND_central_2191,,PDF first pages
"The Contempt of Courts Act, 1971",IND_central_1514,It extends to the whole of India: 1* * * * * 2. D,PDF first pages
"The Court-Fees Act, 1870",IND_central_2293,"It extends to the whole of India except 2[the territories which, immediately before the 1st November, 1956, were comprised in Part B States]; Commence ment of Act .—And it shall come into force on the first day of April, 1870. 3[1A. D",PDF first pages
"The Criminal Procedure (Identification) Act, 2022",IND_central_19029,,PDF first pages
"The Goa, Daman and Diu (Extension of the Code of Civil Procedure and the Arbitration Act) Act, 1965",IND_central_1575,,PDF failed: HTTPError
"The Gram Nyayalayas Act, 2008",IND_central_2060,"It extends to the whole of India except 1***, the State of Nagaland, the State of Arunachal Pradesh, the State of Sikkim and to the tribal areas. E",PDF first pages
"The Legal Services Authorities Act, 1987",IND_central_1925,"It extends to the whole of India, 1***. (",PDF first pages
"The Mediation Act, 2023",IND_central_19637,It shall extend to the whole of India. (,PDF first pages
"The Narcotic Drugs and Psychotropic Substances Act, 1985",IND_central_1791,"It extends to the whole of India 2[and it applies also— (a) to all citizens of India outside India; (b) to all persons on ships and aircrafts registered in India, wherever they may be]. (",PDF first pages
"The Notaries Act, 1952",IND_central_2172,It extends to the whole of India 2* * *. (,PDF first pages
"The Oaths Act, 1969",IND_central_1643,It extends to the whole of India 1***. 2. S,PDF first pages
"The Police Act, 1861",IND_central_2264,,PDF first pages
"The Presidency Small Cause Courts Act, 1882",IND_central_2371,,PDF first pages
"The Prevention of Corruption Act, 1988",IND_central_1558,It extends to the whole of India 1*** and it applies also to all citizens of India outside India. 2. D,PDF first pages
"The Prevention of Damage to Public Property Act, 1984",IND_central_1770,It extends to the whole of India except the State of Jammu and Kashmir . 3. I,PDF first pages
"The Prevention of Illicit Traffic in Narcotic Drugs and Psychotropic Substances Act, 1988",IND_central_1887,,PDF failed: HTTPError
"The Prevention of Money-Laundering Act, 2002",IND_central_2036,It extends to the whole of India. (,PDF first pages
"The Prisoners Act, 1900",IND_central_2334,"It extends to the whole of India except 3[the territories which, immediately before the 1st November, 1956, were comprised in Part B States.] 4*** 4 * * * * * 2. D",PDF first pages
"The Prisons Act, 1894",IND_central_2325,"It extends to the whole of India except [the territories which, immediately before the 1st November, 1956, were comprised in Part B States]; and. (",PDF first pages
"The Probation of Offenders Act, 1958",IND_central_1507,It extends to the whole of India 1***. (,PDF first pages
"The Protection of Civil Rights Act, 1955",IND_central_1544,It extends to the whole of India. (,PDF first pages
"The Provincial Small Cause Courts Act, 1887",IND_central_2312,"It extends to the whole of India except 2[the territories which, immediately before the 1st November, 1956, were comprised in Part B States]; and (3) It shall come into force on the first day of July, 1887. 2. [",PDF first pages
"The Public Gambling Act, 1867",IND_central_2269,,PDF first pages
"The Unlawful Activities (Prevention) Act, 1967",IND_central_1470,It extends to the whole of India. (,PDF first pages
"The Aadhaar (Targeted Delivery of Financial and Other Subsidies, Benefits and Services) Act, 2016",IND_central_2160,"It shall extend to the whole of India 2*** and save as otherwise provided in this Act, it shall also apply to any offence or contravention thereunder committed outside India by any person. (",PDF first pages
"The Digital Personal Data Protection Act, 2023",IND_central_22037,,PDF first pages
"The Indian Institutes of Information Technology Act, 2014",IND_central_2135,,PDF first pages
"The Central Educational Institutions (Reservation in Admission) Act, 2006",IND_central_2091,,PDF first pages
"The Public Examinations (Prevention of Unfair Means) Act, 2024",IND_central_20100,,PDF first pages
"The Air (Prevention and Control of Pollution) Act, 1981",IND_central_1389,It extends to the whole of India. (,PDF first pages
"The Biological Diversity Act, 2002",IND_central_2046,It extends to the whole of India. (,PDF first pages
"The Environment (Protection) Act, 1986",IND_central_1876,It extends to the whole of India. (,PDF first pages
"The Indian Forest Act, 1927",IND_central_2388,"It extends to the whole of India except the territories which, immediately before the 1st November, 1956, were comprised in Part B States. (",PDF first pages
"The National Green Tribunal Act, 2010",IND_central_2025,,PDF first pages
"The Prevention of Cruelty to Animals Act, 1960",IND_central_1547,It extends to the whole of India except the State of Jammu and Kashmir. (,PDF first pages
"The Public Liability Insurance Act, 1991",IND_central_1960,,PDF first pages
"The Van (Sanrakshan Evam Samvardhan) Adhiniyam, 1980",IND_central_1760,It extends to the whole of India 3***. (,PDF first pages
"The Water (Prevention and Control of Pollution) Act, 1974",IND_central_1612,"It applies in the first instance to the whole of the Sta tes of Assam, Bihar, Gujarat, Haryana, Himachal Pradesh, Jammu and Kashmir, Karnataka, Kerala, Madhya Pradesh, Rajasthan, Tripura and West Bengal and the Union territories; and it shall apply to such other State which adopts this Act by resolution passed in that behalf under clause (1) of article 252 of the Constitution. (",PDF first pages
"The Wild Life (Protection) Act, 1972",IND_central_1726,"It extends to the whole of India 5***.] (3) It shall come into force in a State or Union territory to which it extends 6*** on such date as the Central Government may, by notification, appoint, and different dates may be appointed for different provisions of this Act or for different States or Union territories. 2. D",PDF first pages
"The Anand Marriage Act, 1909",IND_central_2347,,PDF first pages
"The Assisted Reproductive Technology (Regulation) Act, 2021",IND_central_17031,,PDF first pages
"The Births, Deaths and Marriages Registration Act, 1886",IND_central_2309,,PDF first pages
"The Dissolution of Muslim Marriages Act, 1939",IND_central_2404,It extends to the whole of India 1[2***] 3. 2. G,PDF first pages
"The Divorce Act, 1869",IND_central_2280,,PDF first pages
"The Family Courts Act, 1984",IND_central_1844,It extends to the whole of India except the State of Jammu and Kashmir. (,PDF first pages
"The Foreign Marriage Act, 1969",IND_central_1720,,PDF first pages
"The Guardians and Wards Act, 1890",IND_central_2318,"It extends to the whole of India 2***, 3* * * 4*** (3) It shall come into force on the first day of July, 1890. 2. [",PDF first pages
"The Hindu Minority and Guardianship Act, 1956",IND_central_1649,It extends to the whole of India 1*** and applies also to Hindus domiciled in the ter ritories to which this Act extends who are outside the said territories. 2. A,PDF first pages
"The Indian Christian Marriage Act, 1872",IND_central_2186,"It extends to the whole of India 2[except 3[the territories which, immediately before the 1st November, 1956, were comprised in the States] of Travancore-Cochin, Manipur and 4***].]5 6* * * * * 2. [",PDF first pages
"The Indian Succession Act, 1925",IND_central_2385,,PDF first pages
"The Maintenance Orders Enforcement Act, 1921",IND_central_2373,It extends to the whole of India 8[except the State of Jammu and Kashmir*].] 2. D,PDF first pages
"The Majority Act, 1875",IND_central_2284,It extends to the whole of India 6[except the State of Jammu and Kashmir]]; Commencement and operation. —and it shall come into force and have effect only on the expiration of three months from the passing thereof. 2. S,PDF first pages
"The Married Womens Property Act, 1874",IND_central_2283,"It extends to the whole of India except the State of Jammu and Kashmir*.] But nothing herein contained applies to any married woman who at the time of her marriage professed the Hindu, Muhammadan, Buddhist, Sikh or Jain a religion, or whose husband, at the time of such marriage, professed any of those religions. A",PDF first pages
"The Muslim Personal Law (Shariat) Application Act, 1937",IND_central_2303,It extends to the whole of India 2 [3***]. 4*** 5 2. A,PDF first pages
"The Muslim Women (Protection of Rights on Divorce) Act, 1986",IND_central_1873,It extends to the whole of India 1***. 2. D,PDF first pages
"The Muslim Women (Protection of Rights on Marriage) Act, 2019",IND_central_11564,It shall extend to the whole of India except the State of Jammu and Kashmir*. (,PDF first pages
"The Parsi Marriage and Divorce Act, 1936",IND_central_2476,"It extends to the whole of India except Part B States and, i n respect of Parsi citizens of India, to the whole of India” (w.e.f. 1-4-1951). 3. S",PDF first pages
"The Prohibition of Child Marriage Act, 2006",IND_central_2055,It extends to the whole of India 1***; and it applies also to all citizens of India without and beyond India: Provided that nothing contained in this Act shall apply to the Renoncants of the Union territory of Pondicherry. (,PDF first pages
"The Registration of Births and Deaths Act, 1969",IND_central_1682,It extends to the whole of India. (,PDF first pages
"The Surrogacy (Regulation) Act, 2021",IND_central_17046,,PDF first pages
"The Citizenship Act, 1955",IND_central_1522,,PDF first pages
"The Passports Act, 1967",IND_central_1372,It extends to the whole of India and applies also to citizens of India who are outside India. 2. D,PDF first pages
"The Cigarettes and Other Tobacco Products (Prohibition of Advertisement and Regulation of Trade and Commerce, Production, Supply and Distribution) Act, 2003",IND_central_2053,It extends to the whole of India. (,PDF first pages
"The Clinical Establishments (Registration and Regulation) Act, 2010",IND_central_2048,"It applies, in the first instance, to the whole of the States of Arunachal Pradesh, Himachal Pradesh, Mizoram and Sikkim and the Union territories; and it shall apply to such other State which adopts this Act by resolution passed in that behalf under clause (1) of article 252 of the Constitution. (",PDF first pages
"The Drugs and Cosmetics Act, 1940",IND_central_2409,It extends to the whole of India 5* * *. (,PDF first pages
"The Epidemic Diseases Act, 1897",IND_central_2326,It extends to the whole of India 3***] 4* * * 5* * * * * 6[1A. D,PDF first pages
"The Mental Healthcare Act, 2017",IND_central_2249,It shall extend to the whole of India. (,PDF first pages
"The Prohibition of Electronic Cigarettes (Production, Manufacture, Import, Export, Transport, Sale, Distribution, Storage and Advertisement) Act, 2019",IND_central_13078,,PDF first pages
"The Transplantation of Human Organs and Tissues Act, 1994",IND_central_1962,"It applies, in the first instance, to the whole of the States of Goa, Himachal Pradesh and Maharashtra and to all the Union territories and it shall also apply to such other State which adopts this Act by resolution passed in that behalf under clause (1) of article 252 of the Constitution. (",PDF first pages
"The Real Estate (Regulation and Development) Act, 2016",IND_central_2158,It extends to the whole of India except the State of Jammu and Kashmir*. (,PDF first pages
"The Apprentices Act, 1961",IND_central_1668,It extends to the whole of India2***. (,PDF first pages
"The Bonded Labour System (Abolition) Act, 1976",IND_central_1491,It extends to the whole of India. (,PDF first pages
"The Child and Adolescent Labour (Prohibition and Regulation) Act, 1986",IND_central_1848,,PDF first pages
"The Employees Provident Funds and Miscellaneous Provisions Act, 1952",IND_central_2152,,PDF first pages
"The Employment of Manual Scavengers and Construction of Dry Latrines (Prohibition) Act, 1993",IND_central_1581,,PDF failed: HTTPError
"The Industrial Disputes Act, 1947",IND_central_22042,"It extends to the whole of India: 3* * * * * (3) It shall come into force on the first day of April, 1947. 2.Definitions. 2. D",PDF first pages
"The Industrial Employmnet (Standing Orders) Act, 1946",IND_central_22043,,PDF first pages
"The Industrial Relations Code, 2020",IND_central_22040,It shall extend to the whole of India. (,PDF first pages
"The Mahatma Gandhi National Rural Employment Guarantee Act, 2005",IND_central_2014,It extends to the whole of India 2***. (,PDF first pages
"The Occupational Safety, Health and Working Conditions Code, 2020",IND_central_22041,,PDF first pages
"The Prohibition of Employment as Manual Scavengers and their Rehabilitation Act, 2013",IND_central_2119,It extends to the whole of India 1***. (,PDF first pages
"The Street Vendors (Protection of Livelihood and Regulation of Street Vending) Act, 2014",IND_central_2124,It extends to the whole of India except the State of Jammu and Kashmir*. (,PDF first pages
"The Trade Unions Act, 1926",IND_central_22044,"It extends to the whole of India 5***.] (3) It shall come into force on such date 6 as the Central Government may, by notification in the Official Gazette, appoint. 2. D",PDF first pages
"The Bankers Books Evidence Act, 1891",IND_central_2322,,PDF first pages
"The Banking Regulation Act, 1949",IND_central_1885,,PDF first pages
"The Banning of Unregulated Deposit Schemes Act, 2019",IND_central_11641,It extends to the whole of India *except the State of Jammu and Kashmir. (,PDF first pages
"The Chit Funds Act, 1982",IND_central_1797,It extends to the whole of India 1***. (,PDF first pages
"The Credit Information Companies (Regulation) Act, 2005",IND_central_2057,It extends to the whole of India. (,PDF first pages
"The Insolvency and Bankruptcy Code, 2016",IND_central_2154,,PDF first pages
"The Insurance Act, 1938",IND_central_2304,,PDF first pages
"The Interest Act, 1978",IND_central_1724,"It extends to the whole of India except the State of Jammu and Kashmir.* (3) It shall come into force on such date 1 as the Central Government may, by notification in the Official Gazette, appoint. 2. D",PDF first pages
"The Payment and Settlement Systems Act, 2007",IND_central_2082,It extends to the whole of India. (,PDF first pages
"The Presidency-Towns Insolvency Act, 1909",IND_central_19722,,PDF first pages
"The Prize Chits and Money Circulation Schemes (Banning) Act, 1978",IND_central_1628,,PDF failed: HTTPError
"The Provincial Insolvency Act, 1920",IND_central_19723,"It extends to 3[the whole of India except 4[the territories which, immediately before the 1st November, 1956, were comprised in Part B States] and] the Scheduled Districts. 2. D",PDF first pages
"The Recovery Of Debts And Bankruptcy Act, 1993",IND_central_1775,It extends to the whole of India except the State of Jammu and Kashmir*. (,PDF first pages
"The Securitisation and Reconstruction of Financial Assets and Enforcement of Security Interest Act, 2002",IND_central_2006,It extends to the whole of India. (,PDF first pages
"The Usurious Loans Act, 1918",IND_central_2362,"It extends to the whole of India except 2[the territories which, immediately before the 1st November, 1956, were comprised in Part B States] 3***. (",PDF first pages
"The Ajmer Tenancy and Land Records Act, 1950",IND_central_1796,,PDF first pages
"The Cantonments (Extension of Rent Control Laws) Act, 1957",IND_central_1379,It extends to the Cantonment of Mhow. (,PDF first pages
"The Central Provinces Tenancy Act, 1898",IND_central_19250,It extends to all the territories for the time being administered by the Chief Commissioner of the Central Provinces ; and (3) It shall come into force at once. 2. D,PDF first pages
"The Delhi (Urban Areas) Tenants Relief Act, 1961",IND_central_1695,,PDF first pages
"The Delhi Apartment Ownership Act, 1986",IND_central_1805,It extends to the whole of the Union territory of Delhi. (,PDF first pages
"The East Punjab Urban Rent Restriction Act (Extension to Chandigarh) Act, 1974",IND_central_1610,,PDF failed: HTTPError
"The Indian Easements Act, 1882",IND_central_2349,It extends to the whole of the State of Karnataka”. [,PDF first pages
"The Indian Stamp Act, 1899",IND_central_15510,,PDF first pages
"The Partition Act, 1893",IND_central_5657,It extends to the whole of India 2*** 3***. 4* * * * * (4) But nothing herein contained shall be deemed to affect any local law providing for the partition of immoveable property paying revenue to Government. 2. P,PDF first pages
"The Prohibition of Benami Property Transactions Act, 1988",IND_central_1840,It extends to the whole of India 3***. (,PDF first pages
"The Public Premises (Eviction of Unauthorised Occupants) Act, 1971",IND_central_1609,It extends to the whole of India. (,PDF first pages
"The Punjab Tenancy Act, 1887",IND_central_19230,,PDF first pages
"The Registration Act, 1908",IND_central_2190,,PDF first pages
"The Right to Fair Compensation and Transparency in Land Acquisition, Rehabilitation and Resettlement Act, 2013",IND_central_2121,It extends to the whole of India 1***. (,PDF first pages
"The Scheduled Tribes and Other Traditional Forest Dwellers (Recognition of Forest Rights) Act, 2006",IND_central_2070,It extends to the whole of India 1***. (,PDF first pages
"The Slum Areas (Improvement and Clearance) Act, 1956",IND_central_1709,"It extends to all Union territories except the Union territories of the Andaman and Nicobar Islands and the Laccadive, Minicoy and Amindivi Islands. (",PDF first pages
"The delhi rent control act, 1958",IND_central_19223,,PDF first pages
"The Commission of Sati (Prevention ) Act, 1987",IND_central_1814,It extends to the whole of India except the State of Jammu and Kashmir. (,PDF first pages
"The Commissions for Protection of Child Rights Act, 2005",IND_central_2056,It extends to the whole of India 1***. (,PDF first pages
"The Human Immunodeficiency Virus and Acquired Immune Deficiency Syndrome (Prevention and Control) Act, 2017",IND_central_2254,It extends to the whole of India. (,PDF first pages
"The Immoral Traffic (Prevention) Act, 1956",IND_central_19243,It extends to the whole of India. (,PDF first pages
"The Indecent Representation of Women (Prohibition) Act, 1986",IND_central_1768,"It extends to the whole of India, 1***. (",PDF first pages
"The Infant Milk Substitutes, Feeding Bottles and Infant Foods (Regulation of Production, Supply and Distribution) Act, 1992",IND_central_1958,,PDF failed: HTTPError
"The Juvenile Justice (Care and Protection of Children) Act, 2015",IND_central_2148,It extends to the whole of India 1***. (,PDF first pages
"The Medical Termination of Pregnancy Act, 1971",IND_central_1593,It extends to the whole of India except the State of Jammu and Kashmir. S,PDF first pages
"The National Commission for Women Act, 1990",IND_central_1944,It extends to the whole of India 1***. (,PDF first pages
"The National Trust for Welfare of Persons with Autism, Cerebral Palsy, Mental Retardation and Multiple Disabilities Act, 1999",IND_central_1951,It extends to the whole of India 1***. 2. D,PDF first pages
"The Orphanages and other Charitable Homes (Supervision and Control) Act, 1960",IND_central_13052,It extends to the whole of India except the State of Jammu and Kashmir. (,PDF first pages
"The Right of Children to Free and Compulsory Education Act, 2009",IND_central_2086,It shall extend to the whole of India 2***. (,PDF first pages
"The Rights of Persons with Disabilities Act, 2016",IND_central_2155,,PDF first pages
"The Transgender Persons (Protection of Rights) Act, 2019",IND_central_13091,It extends to the whole of India. (,PDF first pages
"The Women’s and Children’s Institutions (Licensing) Act, 1956",IND_central_19281,,PDF failed: HTTPError
