group,act,section,title,pdf_source,kb_words,match_pct,flag,note
risky-act probe,"Code of Civil Procedure, 1908",87B,Applications of sections 85 and 86 to Rulers of former Indian States,dataset mirror of India Code PDF,123,100.0,ok,
risky-act probe,"Code of Civil Procedure, 1908",36,Copies of judgment and decree to be furnished to parties,dataset mirror of India Code PDF,175,37.7,BELOW 90%,
risky-act probe,"Code of Civil Procedure, 1908",124,Committee to report to High Court,dataset mirror of India Code PDF,63,100.0,ok,
risky-act probe,"Indian Stamp Act, 1899",53,Section 53,dataset mirror of India Code PDF,941,44.7,BELOW 90%,
risky-act probe,"Indian Stamp Act, 1899",50,Section 50,dataset mirror of India Code PDF,839,62.1,BELOW 90%,
risky-act probe,"Indian Stamp Act, 1899",68,Section 68,dataset mirror of India Code PDF,435,74.9,BELOW 90%,
random,"Ajmer Tenancy and Land Records Act, 1950",126,Appointment of,dataset mirror of India Code PDF,38,100.0,ok,
random,"Guardians and Wards Act, 1890",30,Viodability of transfers made in contravention of section 28 or sectio,dataset mirror of India Code PDF,41,97.6,ok,
random,"Indian Institutes of Information Technology Act, 2014",41,Term of office and allowances payable to members of Council,dataset mirror of India Code PDF,169,100.0,ok,
random,"Indian Partnership Act, 1932",32,Retirement of a partner,dataset mirror of India Code PDF,215,98.6,ok,
random,"Indian Partnership Act, 1932",66,Inspection of Register and filed documents,dataset mirror of India Code PDF,57,100.0,ok,
random,"Indian Succession Act, 1925",313,Powers of administrator of effects unadministered,dataset mirror of India Code PDF,26,100.0,ok,
random,"Indian Trust Act, 1882",74,Appointment by Court,dataset mirror of India Code PDF,145,98.6,ok,
random,"Juvenile Justice (Care and Protection of Children) Act, 2015",66,Adoption of children residing in institutions not registered as adopti,dataset mirror of India Code PDF,169,100.0,ok,
random,"Karnataka Civil Courts Act, 1964",20,Appeals from1 Civil Judge1,dataset mirror of India Code PDF,47,100.0,ok,
random,"Karnataka Debt Relief Act, 2018",10,Offences by Companies,dataset mirror of India Code PDF,236,100.0,ok,
random,"Karnataka Land Reforms Act, 1961",42,Procedure for recovery of rent,dataset mirror of India Code PDF,86,100.0,ok,
random,"Karnataka Police Act, 1963",133,Duties of Police Patel,dataset mirror of India Code PDF,159,99.4,ok,
random,"Narcotic Drugs and Psychotropic Substances Act, 1985",50,Conditions under which search of persons shall be conducted,dataset mirror of India Code PDF,271,99.6,ok,
random,"Occupational Safety, Health and Working Conditions Code, 2020",19,Research related activities,dataset mirror of India Code PDF,80,100.0,ok,
random,"Prevention of Money-Laundering Act, 2002",38,Decision to be by majority,dataset mirror of India Code PDF,100,100.0,ok,
random,"Transgender Persons (Protection of Rights) Act, 2019",19,Grants by Central Government,dataset mirror of India Code PDF,42,100.0,ok,
random,"Transplantation of Human Organs and Tissues Act, 1994",12,"Explaining effects, etc., to donor and recipient",dataset mirror of India Code PDF,56,100.0,ok,
random,"Unlawful Activities (Prevention) Act, 1967",5,Tribunal,dataset mirror of India Code PDF,363,99.4,ok,
random,"Unlawful Activities (Prevention) Act, 1967",53,Orders and rules to be laid before both Houses of Parliament,dataset mirror of India Code PDF,251,99.6,ok,
random,"Wild Life (Protection) Act, 1972",19,Collector to determine rights,dataset mirror of India Code PDF,44,100.0,ok,
