act,section,section_title,topic,text_excerpt,india_code_act_page
"The Ajmer Tenancy and Land Records Act, 1950",170,Procedure of revenue courts,Property/rent/registration/land,Chapter XIV: ## PROCEDURE AND JURISDICTION OF COURTS | Section 170: Procedure of revenue courts **170. Procedure of revenue courts.—** The Chief Commissioner ma,https://www.indiacode.nic.in/handle/123456789/1796?view_type=browse
"The Arbitration and Conciliation Act, 1996",82,Power of High Court to make rules,Crime/police/courts/bail/evidence,Chapter II: G _eneva Convention Awards_ | Section 82: Power of High Court to make rules ## PART IV ## SUPPLEMENTARY PROVISIONS **82. Power of High Court to make,https://www.indiacode.nic.in/handle/123456789/1978?view_type=browse
"The Biological Diversity Act, 2002",3,Certain persons not to undertake Biodiversity related activities without approval of National Biodiversity Authority,Environment/pollution,Chapter II: REGULATION OF ACCESS TO BIOLOGICAL[1] [RESOURCES] | Section 3: Certain persons not to undertake Biodiversity related activities without approval of ,https://www.indiacode.nic.in/handle/123456789/2046?view_type=browse
"The Chit Funds Act, 1982",55,"Suits, etc., to be stayed on winding up order",Money/cheques/banking disputes,"Chapter X: WINDING UP OF CHITS | Section 55: Suits, etc., to be stayed on winding up order **55. Suits, etc., to be stayed on winding up order.—** When a windin",https://www.indiacode.nic.in/handle/123456789/1797?view_type=browse
"The Guardians and Wards Act, 1890",30,Viodability of transfers made in contravention of section 28 or section 29,Family/marriage/succession/maintenance,"Chapter III: DUTIES, RIGHTS AND LIABILITIES OF GUARDIANS | Section 30: Viodability of transfers made in contravention of section 28 or section 29.** —A disposal",https://www.indiacode.nic.in/handle/123456789/2318?view_type=browse
"The Immoral Traffic (Prevention) Act, 1956",1,"Short title, extent and commencement",Women/children/elderly/disability protection,"Section 1: Short title, extent and commencement **1. Short title, extent and commencement.—** ( _1_ ) This Act may be called[3] [the Immoral Traffic (Prevention",https://www.indiacode.nic.in/handle/123456789/19243?view_type=browse
"The Indian Forest Act, 1927",41A,Powers of Central Government as to movements of timber across customs frontiers,Environment/pollution,"**2 [41A. Powers of Central Government as to movements of timber across customs frontiers.** — Notwithstanding anything in section 41, the Central Government ma",https://www.indiacode.nic.in/handle/123456789/2388?view_type=browse
"The Indian Trust Act, 1882",42,Power to give receipts,Contract/civil law,Chapter IV: ## OF THE RIGHTS AND POWERS OF TRUSTEES | Section 42: Power to give receipts **42. Power to give receipts.—** Any trustees or trustee may give a rec,https://www.indiacode.nic.in/handle/123456789/2327?view_type=browse
"The Insolvency and Bankruptcy Code, 2016",166,Effect of order,Money/cheques/banking disputes,Chapter V: ADMINISTRATION AND DISTRIBUTION OF THE ESTATE OF THE BANKRUPT | Section 166: Effect of order** **166. Effect of order** .—( _1_ ) Subject to the prov,https://www.indiacode.nic.in/handle/123456789/2154?view_type=browse
"The Insolvency and Bankruptcy Code, 2016",183,Expeditious disposal of applications,Money/cheques/banking disputes,Chapter VI: ADJUDICATING AUTHORITY FOR INDIVIDUALS AND PARTNERSHIP FIRMS | Section 183: Expeditious disposal of applications** **183. Expeditious disposal of ap,https://www.indiacode.nic.in/handle/123456789/2154?view_type=browse
"The KARNATAKA DEBT RELIEF ACT, 2018",5,"Creditors to file statement, etc",Money/cheques/banking disputes,"Section 5(2): Creditors to file statement, etc (2) A debtor referred to in clause (e) of section 4 may make an application in the prescribed Form to such Debt R",https://www.indiacode.nic.in/handle/123456789/17216?view_type=browse
"The KARNATAKA LAND GRABBING PROHIBITION ACT, 2011",5,Penalty for other offences in connection with land grabbing,Property/rent/registration/land,"Section 5: Penalty for other offences in connection with land grabbing **5. Penalty for other offences in connection with land grabbing.-** Whoever, with a view",https://www.indiacode.nic.in/handle/123456789/7805?view_type=browse
"The Legal Metrology Act, 2009",10,Use of weight or measure for particular purposes,Consumer,"Chapter II: STANDARD WEIGHTS AND MEASURES | Section 10: Use of weight or measure for particular purposes** . **—** Any transaction, dealing or contract in r **1",https://www.indiacode.nic.in/handle/123456789/2102?view_type=browse
"The Legal Metrology Act, 2009",37,Penalty for contravention by Government approved Test Centre,Consumer,Chapter V: OFFENCES AND PENALTIES | Section 37: Penalty for contravention by Government approved Test Centre **37. Penalty for contravention by Government appro,https://www.indiacode.nic.in/handle/123456789/2102?view_type=browse
"The Prisons Act, 1894",25,Effects of prisoners,Crime/police/courts/bail/evidence,Chapter IV: ** | Section 25: Effects of prisoners **25. Effects of prisoners.—** All money or other articles in respect whereof no order of a competent Court ha,https://www.indiacode.nic.in/handle/123456789/2325?view_type=browse
"The Prisons Act, 1894",37,Sick prisoners,Crime/police/courts/bail/evidence,Chapter VIII: ** | Section 37: Sick prisoners ## **CHAPTER VIII** ## **HEALTH OF PRISONERS** **37. Sick prisoners.—** (1) The names of prisoners desiring to see,https://www.indiacode.nic.in/handle/123456789/2325?view_type=browse
"The Recovery Of Debts And Bankruptcy Act, 1993",21,"Deposit of amount of debt due, on filing appeal",Money/cheques/banking disputes,"Chapter IV: PROCEDURE OF TRIBUNALS | Section 21: Deposit of amount of debt due, on filing appeal** **21. Deposit of amount of debt due, on filing appeal** .—Whe",https://www.indiacode.nic.in/handle/123456789/1775?view_type=browse
"The Rights of Persons with Disabilities Act, 2016",78,Annual and special reports by Chief Commissioner,Women/children/elderly/disability protection,Chapter XII: CHIEF COMMISSIONER AND STATE COMMISSIONER FOR PERSONS WITH DISABILITIES | Section 78: Annual and special reports by Chief Commissioner.** —( _1_ ) ,https://www.indiacode.nic.in/handle/123456789/2155?view_type=browse
"The Surrogacy (Regulation) Act, 2021",3,"The Surrogacy (Regulation) Bill, 2019, inter alia, provides for the following, namely:",Family/marriage/succession/maintenance,"Chapter VIII: ## MISCELLANEOUS | Section 3: The Surrogacy (Regulation) Bill, 2019, inter alia, provides for the following, namely:— 3. The Surrogacy (Regulation",https://www.indiacode.nic.in/handle/123456789/17046?view_type=browse
"The Water (Prevention and Control of Pollution) Act, 1974",19,Power of State Government to restrict the application of the Act to certain areas,Environment/pollution,Chapter V: ## PREVENTION AND CONTROL OF WATER POLLUTION | Section 19: Power of State Government to restrict the application of the Act to certain areas ## CHAPT,https://www.indiacode.nic.in/handle/123456789/1612?view_type=browse
