query,act_name,section_number,section_title,section_matches,sounds_real,reason
"company fined for waste, can director avoid penalty","Environment (Protection) Act, 1986",16,Offences by companies,True,True,
"my partner signed a lease for a new office, does it bind us?","Indian Partnership Act, 1932",19,Implied authority of partner as agent of the firm,True,True,
paid surrogacy illegal what penalty?,"Surrogacy (Regulation) Act, 2021",40,Punishment for not following altruistic surrogacy,True,True,
"If I'm penalized for wrong bank details in Aadhaar, will I still face criminal charges for fraud?","Aadhaar (Targeted Delivery of Financial and Other Subsidies, Benefits and Services) Act, 2016",46,Penalties not to interfere with other punishments,True,True,
I invested in a chit fund that turned out to be illegal; can I directly approach the court?,"Banning of Unregulated Deposit Schemes Act, 2019",27,Cognizance of offences,True,True,
"my assessment list wasn't updated for two months, how do I claim the penalty money?","Karnataka Sakaala Services Act, 2011",8,Payment of compensatory cost to the citizen,True,True,
"board member conflict: my company sells air‑purifier equipment, is that a problem?","Air (Prevention and Control of Pollution) Act, 1981",8,Disqualifications,True,True,
"my factory got a notice to stop smoke, I ignored it, what can happen?","Air (Prevention and Control of Pollution) Act, 1981",39D,Offences for failure to comply with provisions of section 21 and for failure to pay penalty,True,True,
"If I want to argue that a treatment center is better for me than prison, how can I present my case to the judge?","Immoral Traffic (Prevention) Act, 1956",10A,Detention in a corrective institution,True,True,
"sati ceremony planned in my village, can I stop it?","Commission of Sati (Prevention ) Act, 1987",2,Section 2,False,True,"Section 2 only defines terms, not how to stop a ceremony"
"I already got probate for my aunt's jewellery, now I need to handle the rest of her property, how do I apply?","Indian Succession Act, 1925",257,Probate or administration of rest,True,True,
"mortgage period over, can I keep the same farming terms?","Karnataka Land Reforms Act, 1961",26,Tenancy in abeyance during usufructuary mortgage in favour of tenant,True,True,
"my husband forced me to be a surrogate, can I prove it?","Surrogacy (Regulation) Act, 2021",42,Presumption in the case of surrogacy,True,True,
"my old savings account shows zero activity for a decade, what now?","Banking Regulation Act, 1949",26A,Establishment of Depositor Education and Awareness Fund,True,True,
"tree officer arrested me for cutting sapling, can I get out on bond?","Karnataka Preservation of Trees Act, 1976",18,Power to release a person arrested,True,True,
"neighbour organising a 'sati memorial' ceremony, is it allowed?","Commission of Sati (Prevention ) Act, 1987",2,Section 2,True,True,
"my mom's house sold for less than loans, will my share be cut proportionally?","Indian Succession Act, 1925",330,Rateable abatement of specific legacies,True,True,
My bakery ignored the packaging standards and got a notice; can the local magistrate increase the penalty beyond the usual limit?,"Food Safety and Standards Act, 2006",79,Magistrate's power to impose enhanced punishment,True,True,
"marks wrong after computer entry, how to fix it?","Karnataka Education Act, 1983",27,"Alteration of the answers written at an examination, etc",False,True,"Section 27 penalizes intentional tampering, not how to correct an honest computer entry error"
"my bank shared my info, how to see who else got it?","Digital Personal Data Protection Act, 2023",11,Right to access information about personal data,True,True,
"i have my ex's phone, can she claim it?","Bharatiya Sakshya Adhiniyam, 2023",113,Burden of proof as to ownership .,True,True,
I found a rare orchid in the forest; can I take it home?,"Wild Life (Protection) Act, 1972",7,"When a species is included in one of the Appendices, the whole, live or dead, animal or plant is included",True,True,
"grievance officer told me to get extra wheat, authority refused, what penalty can they face?","National Food Security Act, 2013",33,Penalties,True,True,
can I get any help from this fund for my begging family?,"Karnataka Prohibition of Beggary Act, 1975",30,Central Relief Fund,False,True,"Section 30 only defines the fund's sources, not eligibility or assistance provisions"
can a lower court try my case about EPF violation?,"Employees Provident Funds and Miscellaneous Provisions Act, 1952",14AC,Cognizance and trial of offences,True,True,
marriage notice not posted where?,"Indian Christian Marriage Act, 1872",16,Procedure on receipt of notice,True,False,"The question is overly terse and unnatural, not how a layperson would phrase their problem."
chit company winding up can they stop my payout,"Chit Funds Act, 1982",57,"Cessation of winding up proceedings on insolvency of foreman, etc., or the winding up of the company and transfer of such proceedings",False,True,"Section 57 deals with cessation of winding up and court distribution, not directly answering if payout can be stopped"
"i want to organise a parade for independence day, any restrictions?","Karnataka Police Act, 1963",64,"Control of camps, parades, etc., and banning use of uniforms, etc",True,True,
"mummy gave me space in shop, ab wo fire hazard ban gayi","Indian Easements Act, 1882",58,Grantor's duty not to render property unsafe,True,True,
"my fertility clinic was inspected, can they take my files?","Assisted Reproductive Technology (Regulation) Act, 2021",20,"Power to inspect premises, etc",True,True,
"I think the river near my village is being polluted, how do I alert the officials?","Environment (Protection) Act, 1986",9,Furnishing of information to authorities and agencies in certain cases,True,True,
"bachcha ka case purana hai, new rules apply?","Juvenile Justice (Care and Protection of Children) Act, 2015",25,Special provision in respect of pending cases,True,True,
"my friend is on a work detail outside the jail, can he leave the site?","Prisons Act, 1894",55,"Extramural custody, control and employment of prisoners",False,True,"Section 55 defines status, not specifically permission to leave work detail"
"govt taking my land for development plan, can I refuse?","Karnataka Town and Country Planning Act, 1961",70,Land acquisition for purposes of a scheme or Development Plan to be deemed for a public purpose,True,True,
"planning authority denied my extension, can I take it to court?","Karnataka Town and Country Planning Act, 1961",76I,Finality of orders,True,True,
I am purchasing 10 hectares for a housing project; what details must I submit to the district officer?,"Right to Fair Compensation and Transparency in Land Acquisition, Rehabilitation and Resettlement Act, 2013",46,Provisions relating to rehabilitation and resettlement to apply in case of certain persons other than specified persons,True,True,
"forest officer let me go, what now","Indian Forest Act, 1927",65,Power to release on a bond a person arrested,True,True,
"city office demanding tax for my newly bought car, can I refuse?","Karnataka Motor Vehicles Taxation Act, 1957",19,Local authorities not to levy tax or tolls,True,True,
I saw a manual scavenger being forced to work last month; can I still report it now?,"Employment of Manual Scavengers and Construction of Dry Latrines (Prohibition) Act, 1993",18,Limitation of prosecution,True,True,
can a single dad adopt a baby girl,"Juvenile Justice (Care and Protection of Children) Act, 2015",57,Eligibility of prospective adoptive parents,True,True,
"promoter took 15% deposit before agreement, what now?","Real Estate (Regulation and Development) Act, 2016",13,No deposit or advance to be taken by promoter without first entering into agreement for sale,True,True,
"i was part of a fight, can my buddy's statement help police?","Bharatiya Sakshya Adhiniyam, 2023",138,Accomplice.,True,True,
how to ask my fiancé about HIV awareness without awkwardness,"Human Immunodeficiency Virus and Acquired Immune Deficiency Syndrome (Prevention and Control) Act, 2017",30,"HIV-related information, education and communication before marriage",False,True,"Section 30 mandates government guidelines for HIV education, not personal conversation tactics."
can i spray pesticide inside a tiger reserve?,"Wild Life (Protection) Act, 1972",32,Ban on use of injurious substances,True,True,
who decides the members of the child commission?,"Commissions for Protection of Child Rights Act, 2005",4,Appointment of Chairperson and Members,True,True,
"clinic stole my IVF eggs, what can i do?","Assisted Reproductive Technology (Regulation) Act, 2021",36,Offences to be cognizable and bailable,False,True,"Section 36 only states offences are cognizable and bailable, not remedies for egg theft"
"I am a contractor, will my unpaid bills be settled before the trustee’s fees?","Insolvency and Bankruptcy Code, 2016",178,Priority of payment of debts,True,True,
notice period for daily wage workers in a small workshop?,"Industrial Employmnet (Standing Orders) Act, 1946",8,"Termination of employment, and the notice thereof to be given by employer and workmen",True,True,
how to reverse a loan given before insolvency without halting the case,"Insolvency and Bankruptcy Code, 2016",26,Application for avoidance of transactions not to affect proceedings,True,True,
"apprentice training records missing, can inspector come?","Apprentices Act, 1961",29,"Powers of entry, inspection, etc",True,True,
can the same judge who started my case before 1988 finish it now?,"Prevention of Corruption Act, 1988",26,Special Judges appointed under Act 46 of 1952 to be special Judges appointed under this Act,True,True,
can i ask police to take me to a magistrate before searching,"Narcotic Drugs and Psychotropic Substances Act, 1985",50,Conditions under which search of persons shall be conducted,True,True,
why does my lender not send the annual account summary?,"Karnataka Money-lenders Act, 1961",21,Delivery of statement of accounts and copies thereof by money-lender,True,True,
"just turned 18, can I vote in the upcoming elections?","Majority Act, 1875",3,Age of majority of persons domiciled in India,False,True,"The Majority Act defines legal majority, not voting eligibility, which is covered by election laws."
can a local health worker order my HIV test?,"Human Immunodeficiency Virus and Acquired Immune Deficiency Syndrome (Prevention and Control) Act, 2017",45,Delegation of powers,False,True,"Section 45 deals with delegation of powers, not authority to order HIV tests"
I have bought the right to harvest grapes from a vineyard; do I need separate permission to walk through the farmer’s field?,"Indian Easements Act, 1882",55,Accessory licenses annexed by law,True,True,
"government announced more police for my colony because of recent fights, do I need to pay a new fee?","Karnataka Police Act, 1963",49,Employment of additional Police in cases of special danger to public peace,True,True,
"kept a monkey in backyard after notice, what penalty","Prevention of Cruelty to Animals Act, 1960",20,Penalties.―,True,True,
owner not giving me keys to my own apartment,"Karnataka Apartment Ownership Act, 1972",5,Ownership of apartments,True,True,
"guardian bond missing, i need his account now","Guardians and Wards Act, 1890",36,Suit against guardian where administration bond was not taken,True,True,
"my husband not paying alimony, can I claim his bills?","Divorce Act, 1869",25,Separated wife deemed spinster for purposes of contract and suing,True,True,
"I heard my friend was smuggling cigarettes into jail, can I report it?","Prisons Act, 1894",42,Penalty for introduction or removal of prohibited articles into or from prison and communication with prisoners,True,True,
can the chairperson stop a builder from selling units?,"Real Estate (Regulation and Development) Act, 2016",25,Administrative powers of Chairperson,False,True,"Section 25 deals with general administrative powers, not specifically the authority to halt a builder's sales"
"my dad wants me to marry my cousin's son, is that allowed?","Parsi Marriage and Divorce Act, 1936",8,Section 8,False,True,"Section 8 lists specific prohibited relationships, but does not clearly address cousin's son"
builder website details missing what can i do,"Real Estate (Regulation and Development) Act, 2016",11,Functions and duties of promoter,True,True,
sale cancelled can I get my money back from the seller?,"Code of Civil Procedure, 1908",93,Return of purchaser-money in certain cases,True,True,
"market mein koi mujhe TV becha, asli malik ne wapas mang liya","Sale of Goods Act, 1930",27,Sale by person not the owner,True,True,
"why my housing project is delayed, govt didn't give funds yet?","Real Estate (Regulation and Development) Act, 2016",73,Grants and loans by Central Government,False,True,"Section 73 only authorizes grants/loans, not reasons for project delays."
I have been asked to give a statement in a police case; can I say anything I want?,"Oaths Act, 1969",8,Persons giving evidence bound to state the truth,True,True,
"my lease agreement also looks like a mortgage, fee?","Karnataka Court-fee and Suits Valuation Act, 1958",9,Documents falling under two or more descriptions,True,True,
"delegate refused to register my marriage, what can I do?","Parsi Marriage and Divorce Act, 1936",26,Delegates to be deemed public servants,False,True,"Section 26 only defines delegates as public servants, not remedies for refusal to register a marriage."
"kannada govt taking my land, need to know my rights","Karnataka Acquisition of Lands for Grant of House Sites Act, 1972",3,Acquisition of land,True,True,
can the jail keep me in fetters after the three‑month period without my consent?,"Prisons Act, 1894",57,Confinement of prisoner under sentence of transportation in irons,True,True,
how many seats are there for MBBS in government hospitals?,"Karnataka Educational Institutions (Prohibition of Capitation Fee) Act, 1984",4,Regulation of admission to educational institutions etc,False,False,"Section 4 deals with admission qualifications and seat allocation in private institutions, not MBBS seats in government hospitals; the question is also unnatural."
"boss not paying salary, can court try that issue separately","Code of Civil Procedure, 1908",46C,Trial of disputed questions,False,True,"Section 46C deals with garnishee disputes, not employment salary issues"
"my mom wants to add her new husband to her will, can she do that?","Indian Succession Act, 1925",62,Will may be revoked or altered,True,True,
witnesses ka order judge decide karta hai ya law?,"Bharatiya Sakshya Adhiniyam, 2023",140,Order of production and examination of witnesses .,True,True,
"If I approach a child marriage officer, will his actions be treated like any other government official’s?","Prohibition of Child Marriage Act, 2006",17,Child Marriage Prohibition Officers to be public servants,True,True,
"tree removal illegal, can I be charged under environmental act and also under local municipal rules?","Karnataka Preservation of Trees Act, 1976",20,Operation of other laws not barred,True,True,
"my village water pipe was closed by forest officer, what now?","Indian Forest Act, 1927",25,Power to stop ways and watercourses in reserved forests,True,True,
"company fined for illegal land lease, am i also liable?","Karnataka Land Reforms Act, 1961",135,Offences by companies,True,True,
new dgp selection criteria kya hota hai?,"Karnataka Police Act, 1963",6,Director General and Inspector General of Police,True,True,
"got fined for small labour law breach, can i settle with half fine?","Industrial Relations Code, 2020",89,Composition of offences,True,True,
"interest on my loan is higher than the loan amount, can court limit it?","Karnataka Money-lenders Act, 1961",26,Power of Court to limit interest recoverable in certain cases,True,True,
"my neighbourhood plan has a wrong road width, can it be changed?","Karnataka Town and Country Planning Act, 1961",48,"Power to vary scheme on ground of error, irregularity or informality",True,True,
"new EPF rules announced, how will they affect my retirement savings?","Employees Provident Funds and Miscellaneous Provisions Act, 1952",7,Modification of scheme,True,True,
"i missed 30 days, need more time, what to do","Insolvency and Bankruptcy Code, 2016",181,Appeal to Debt Recovery Appellate Tribunal,True,True,
"I got nothing because the estate was low, can I claim money from the sibling who got full amount?","Indian Succession Act, 1925",364,Limit to refunding of one legatee to another,True,True,
"boss says layoff because electricity shortage, is that legal?","Industrial Relations Code, 2020",78,Prohibition of lay-off,True,True,
can i add a mediation clause in my rental agreement?,"Mediation Act, 2023",4,Mediation agreement,True,True,
"my ward member entered my slum at 9 pm, is that allowed?","Karnataka Slum Areas Development Act, 1973",55,Entry to be made in the day time,True,True,
"if the building's ventilation breaks, can I ask the owner to fix it or the other factories?","Occupational Safety, Health and Working Conditions Code, 2020",80,Liability of owner of premises in certain circumstances,True,True,
"my friend was near the university grading room an hour before results, got told to move away – is that legal?","Karnataka Education Act, 1983",26,"Prohibition of loitering near examination's centre, etc",True,True,
can I report a police officer who is bidding for court‑sold property?,"Karnataka Police Act, 1963",28,"Police Officer not to engage in trade, etc",True,True,
my landlord told me I can't use the community hall because I'm from a Scheduled Caste,"Protection of Civil Rights Act, 1955",7,"Punishment for other offences arising out of ""untouchability""",True,True,
employer not paying PF again what punishment,"Code on Social Security, 2020",134,Enhanced punishment in certain cases after previous conviction.,True,True,
"appeal fee 2002, is it still valid?","Securitisation and Reconstruction of Financial Assets and Enforcement of Security Interest Act, 2002",18A,Validation of fees levied,True,True,
"i inherited a farm but a trust is claiming ownership, what can i do?","Karnataka Land Reforms Act, 1961",79B,Prohibition of holding agricultural land by certain persons,True,True,
why hasn't the commission received its grant for this financial year?,"Karnataka State Commission for Women Act, 1995",12,Budget of the Commission and grants by the Government,True,True,
can I ask the court to punish a priest who skipped required steps?,"Parsi Marriage and Divorce Act, 1936",12,Penalty for priest's neglect of requirements of section 6,True,True,
"my ex‑partner was a promoter of a failed bank, can he be tried fast?","Banking Regulation Act, 1949",45J,Special provisions for punishing offences in relation to banking companies being wound up,True,True,
who is on the wildlife board and how can I contact them?,"Wild Life (Protection) Act, 1972",5A,Constitution of the National Board for Wild Life,True,True,
how can I ask the central government to order the state to stop building on a protected wetland?,"Van (Sanrakshan Evam Samvardhan) Adhiniyam, 1980",3C,Power of Central Government to issue directions,False,True,"Section 3C describes the government's power, not how a citizen can request such a direction"
"i think the officer appointed is misbehaving, what can i do","Karnataka Prohibition of Beggary Act, 1975",27,Appointment of officers,False,True,"Section 27 deals with appointment of officers, not remedies for officer misconduct."
director liab if info wrong in pre‑pack filing,"Insolvency and Bankruptcy Code, 2016",54G,List of claims and preliminary information memorandum,True,True,
"orphanage not following rules, can I complain to board?","Orphanages and other Charitable Homes (Supervision and Control) Act, 1960",7,Functions of the Board,True,True,
"starting a credit‑reporting startup, is RBI registration mandatory or optional?","Credit Information Companies (Regulation) Act, 2005",3,Prohibition to commence or carry on business of credit information,True,True,
"my creditor says I missed the deadline for my loan claim, can I still enforce it?","Securitisation and Reconstruction of Financial Assets and Enforcement of Security Interest Act, 2002",36,Limitation,True,True,
wife won't come home how to reply?,"Divorce Act, 1869",33,Answer to petition,False,True,"Section 33 concerns procedural pleading for restitution of conjugal rights, not advice on replying to a wife not returning home"
"kid missed school, need special classes to catch up, what to do?","Right of Children to Free and Compulsory Education Act, 2009",4,"Special provisions for children not admitted to, or who have not completed, elementary education",True,True,
case dropped but counter claim continues?,"Code of Civil Procedure, 1908",6D,Effect of discontinuance of suit,True,True,
"trust deed says I get profits, but I'm not seeing any money","Indian Trust Act, 1882",55,Rights to rents and profits,True,True,
"executor didn't collect my dad's loan, can I sue?","Indian Succession Act, 1925",369,Liability of executor or administrator for neglect to get any part of property,True,True,
"village officer not reporting illegal land transfer, can i complain?","Karnataka Land Reforms Act, 1961",82,Reporting of illegal transactions,True,True,
"my bank's assets low, what rights do I have","Banking Regulation Act, 1949",24,Maintenance of a percentage of assets,False,True,"Section 24 prescribes asset maintenance ratios, not the rights of depositors when assets are low"
"rent dispute, can i skip old rules?","Mediation Act, 2023",55,Provisions of Act to have overriding effect on mediation or conciliation contained in other laws,False,True,"Section 55 deals with overriding effect of the Mediation Act, not specifically about skipping old rules in a rent dispute"
"notice book open without fee, can I just walk in and read","Foreign Marriage Act, 1969",6,Marriage Notice Book,True,True,
how long do i have to claim my bank loan security?,"Securitisation and Reconstruction of Financial Assets and Enforcement of Security Interest Act, 2002",36,Limitation,True,True,
"land taken by govt, no agreement, how is fair amount set?","Karnataka Education Act, 1983",75,Principles and methods of determining amount for property requisitioned or acquired,True,True,
how to apply for probate of my dad's will in my district?,"Indian Succession Act, 1925",264,"Jurisdiction of District Judge in granting and revoking probates, etc",False,True,"Section 264 deals with jurisdiction, not the application procedure"
Can I send a sample of my street food to a government‑approved lab for testing?,"Food Safety and Standards Act, 2006",43,"Recognition and accreditation of laboratories, research institutions and referral food laboratory",True,True,
"lease ended, landlord says I must restore land, I disagree","Right to Fair Compensation and Transparency in Land Acquisition, Rehabilitation and Resettlement Act, 2013",83,Difference as to condition of land,True,True,
"i am being sent home from the mental health centre, what services should be arranged for me?","Mental Healthcare Act, 2017",98,Discharge planning,True,True,
"i need a licence for a pharmacy, who should I approach?","Narcotic Drugs and Psychotropic Substances Act, 1985",68D,Competent authority,False,True,"Section 68D deals with authorising officers, not pharmacy licensing"
Can I file my suit in the language the court normally uses?,"Code of Civil Procedure, 1908",137,Language of subordinate Courts,True,True,
"I paid tax for my scooter but didn’t ride it for a month, can I claim a refund?","Karnataka Motor Vehicles Taxation Act, 1957",7,Refund of tax,True,True,
"company says they got a notification exempting them from the retirement benefits, can I challenge it?","Code on Social Security, 2020",143,Power to exempt establishment.,True,True,
can i sue forest officer?,"Scheduled Tribes and Other Traditional Forest Dwellers (Recognition of Forest Rights) Act, 2006",9,"Members of authorities, etc., to be public servants",True,True,
"authority took my land, can I get any compensation?","Karnataka Town and Country Planning Act, 1961",46,Effect of final scheme,False,True,"Section 46 deals with vesting and eviction, not compensation"
"interest mentioned in my loan paper, can I skip extra stamp?","Karnataka Stamp Act, 1957",23,2 customs bond or excise bond2,True,True,
disability fund money where does it come from,"Rights of Persons with Disabilities Act, 2016",86,National Fund for persons with disabilities,True,True,
which experts review new unani drug formulas?,"Drugs and Cosmetics Act, 1940",33C,Ayurvedic and Unani Drugs Technical Advisory Board,True,True,
"government must provide a halfway home for me, right?","Mental Healthcare Act, 2017",19,Right to community living,True,True,
i want a foreign arbitrator but my contract says only Indians,"Arbitration and Conciliation Act, 1996",11,Appointment of arbitrators,True,True,
"permanent lok adalat hearing cancelled, what now?","Mediation Act, 2023",26,Proceedings of Lok Adalat and Permanent Lok Adalat not to be affected,False,True,"Section 26 deals with non‑application of the Act to Lok Adalat proceedings, not guidance on a cancelled hearing."
can a priest be punished for marrying a 15 year old?,"Prohibition of Child Marriage Act, 2006",10,Punishment for solemnising a child marriage,True,True,
"my grandma typed her will on phone, is it ok","Indian Succession Act, 1925",74,Wording of wills,True,True,
"my builder is selling flats before registration, can i complain?","Real Estate (Regulation and Development) Act, 2016",3,Prior registration of real estate project with Real Estate Regulatory Authority,True,True,
"If I ignore the officer and stay on the street, can they fine me?","Karnataka Prohibition of Beggary Act, 1975",18,Refusal of a beggar to go to an institution or to a Magistrate punishable with imprisonment or fine or both,True,True,
"school attendance list missing, what to do?","Karnataka Education Act, 1983",13,Attendance authorities and their powers and duties,True,True,
I want to know the steps to approach the commission for workplace harassment.,"National Commission for Women Act, 1990",3,Constitution of the National Commission for Women,False,True,"Section 3 deals with composition of the commission, not the procedure to approach it"
"I think the market value of my house was not considered when the sale was registered, what can I do?","Karnataka Stamp Act, 1957",45A,"Instrument of conveyance, etc. undervalued how to be dealt with",True,True,
"won't pay debt, will police take me?","Code of Civil Procedure, 1908",38,Warrant for arrest to direct judgment-debtor to be brought up,True,True,
"Police asked my group to stop chanting near a temple, is that allowed?","Karnataka Police Act, 1963",34,Power of Commissioner or the Superintendent and of other officers to give direction to the public,True,True,
"my neighbour won a lok adalat case, can I file another suit?","Legal Services Authorities Act, 1987",22E,Award of Permanent Lok Adalat to be final,True,True,
"police searched me without a senior officer, can I complain?","Narcotic Drugs and Psychotropic Substances Act, 1985",50,Conditions under which search of persons shall be conducted,True,True,
I have started a boutique clothing line and I'm not sure if I must start a provident fund for my staff.,"Employees Provident Funds and Miscellaneous Provisions Act, 1952",4,Power to add to Schedule I,False,True,"Section 4 deals with adding industries to Schedule I, not the obligation to start a provident fund for a boutique clothing line"
can a bank that started a chit earlier keep it running till it ends?,"Chit Funds Act, 1982",86,Banks not to conduct chit business,True,True,
how long does the government have to create the surrogacy board?,"Assisted Reproductive Technology (Regulation) Act, 2021",12,Appointment of appropriate authority,True,True,
"govt using our land for new building, what rights do we have?","Karnataka Slum Areas Development Act, 1973",27,Use of land acquired 1or land transferred by the Government or the local authority,True,True,
