act_name,section_number,section_title
"Bharatiya Nagarik Suraksha Sanhita, 2023",1,"Short title, extent and commencement."
"Bharatiya Nagarik Suraksha Sanhita, 2023",2,Definitions.
"Bharatiya Nagarik Suraksha Sanhita, 2023",3,Construction of references.
"Bharatiya Nagarik Suraksha Sanhita, 2023",4,"Trial of offences under Bharatiya Nyaya Sanhita, 2023 and other laws."
"Bharatiya Nagarik Suraksha Sanhita, 2023",5,Saving.
"Bharatiya Nagarik Suraksha Sanhita, 2023",6,Classes of Criminal Courts.
"Bharatiya Nagarik Suraksha Sanhita, 2023",7,Territorial divisions.
"Bharatiya Nagarik Suraksha Sanhita, 2023",8,Court of Session.
"Bharatiya Nagarik Suraksha Sanhita, 2023",9,Courts of Judicial Magistrates.
"Bharatiya Nagarik Suraksha Sanhita, 2023",10,"Chief Judicial Magistrate and Additional Chief Judicial Magistrate, etc."
"Bharatiya Nagarik Suraksha Sanhita, 2023",11,Special Judicial Magistrates.
"Bharatiya Nagarik Suraksha Sanhita, 2023",12,Local Jurisdiction of Judicial Magistrates.
"Bharatiya Nagarik Suraksha Sanhita, 2023",13,Subordination of Judicial Magistrates.
"Bharatiya Nagarik Suraksha Sanhita, 2023",14,Executive Magistrates.
"Bharatiya Nagarik Suraksha Sanhita, 2023",15,Special Executive Magistrates.
"Bharatiya Nagarik Suraksha Sanhita, 2023",16,Local Jurisdiction of Executive.
"Bharatiya Nagarik Suraksha Sanhita, 2023",17,Subordination of Executive Magistrates.
"Bharatiya Nagarik Suraksha Sanhita, 2023",18,Public Prosecutors.
"Bharatiya Nagarik Suraksha Sanhita, 2023",19,Assistant Public Prosecutors.
"Bharatiya Nagarik Suraksha Sanhita, 2023",20,Directorate of Prosecution.
"Bharatiya Nagarik Suraksha Sanhita, 2023",21,Courts by which offences are triable.
"Bharatiya Nagarik Suraksha Sanhita, 2023",22,Sentences which High Courts and Sessions Judges may pass.
"Bharatiya Nagarik Suraksha Sanhita, 2023",23,Sentences which Magistrates may pass.
"Bharatiya Nagarik Suraksha Sanhita, 2023",24,Sentence of imprisonment in default of fine .
"Bharatiya Nagarik Suraksha Sanhita, 2023",25,Sentence in cases of conviction of several offences at one trial.
"Bharatiya Nagarik Suraksha Sanhita, 2023",26,Mode of conferring powers.
"Bharatiya Nagarik Suraksha Sanhita, 2023",27,Powers of officers appointed .
"Bharatiya Nagarik Suraksha Sanhita, 2023",28,Withdrawal of powers.
"Bharatiya Nagarik Suraksha Sanhita, 2023",29,Powers of Judges and Magistrates exercisable by their successors-in office.
"Bharatiya Nagarik Suraksha Sanhita, 2023",30,Powers of superior officers of police.
"Bharatiya Nagarik Suraksha Sanhita, 2023",31,Public when to assist Magistrates and police.
"Bharatiya Nagarik Suraksha Sanhita, 2023",32,"Aid to person, other than police officer, executing warrant ."
"Bharatiya Nagarik Suraksha Sanhita, 2023",33,Public to give information of certain offences .
"Bharatiya Nagarik Suraksha Sanhita, 2023",34,Duty of officers employed in connection with affairs of a village to make certain report.
"Bharatiya Nagarik Suraksha Sanhita, 2023",35,When police may arrest without warrant.
"Bharatiya Nagarik Suraksha Sanhita, 2023",36,Procedure of arrest and duties of officer making arrest.
"Bharatiya Nagarik Suraksha Sanhita, 2023",37,Designated police officer.
"Bharatiya Nagarik Suraksha Sanhita, 2023",38,Right of arrested person to meet an advocate of his choice during interrogation .
"Bharatiya Nagarik Suraksha Sanhita, 2023",39,Arrest on refusal to give name and residence .
"Bharatiya Nagarik Suraksha Sanhita, 2023",40,Arrest by private person and procedure on such arrest.
"Bharatiya Nagarik Suraksha Sanhita, 2023",41,Arrest by Magistrate .
"Bharatiya Nagarik Suraksha Sanhita, 2023",42,Protection of members of Armed Forces from arrest.
"Bharatiya Nagarik Suraksha Sanhita, 2023",43,Arrest how made .
"Bharatiya Nagarik Suraksha Sanhita, 2023",44,Search of place entered by person sought to be arrested .
"Bharatiya Nagarik Suraksha Sanhita, 2023",45,Pursuit of offenders into other jurisdictions.
"Bharatiya Nagarik Suraksha Sanhita, 2023",46,No unnecessary restraint .
"Bharatiya Nagarik Suraksha Sanhita, 2023",47,Person arrested to be informed of grounds of arrest and of right to bail .
"Bharatiya Nagarik Suraksha Sanhita, 2023",48,"Obligation of person making arrest to inform about arrest, etc., to relative or friend ."
"Bharatiya Nagarik Suraksha Sanhita, 2023",49,Search of arrested person.
"Bharatiya Nagarik Suraksha Sanhita, 2023",50,Power to seize offensive weapons .
"Bharatiya Nagarik Suraksha Sanhita, 2023",51,Examination of accused by medical practitioner at request of police officer .
"Bharatiya Nagarik Suraksha Sanhita, 2023",52,Examination of person accused of rape by medical practitioner.
"Bharatiya Nagarik Suraksha Sanhita, 2023",53,Examination of arrested person by medical officer .
"Bharatiya Nagarik Suraksha Sanhita, 2023",54,Identification of person arrested .
"Bharatiya Nagarik Suraksha Sanhita, 2023",55,Procedure when police officer deputes subordinate to arrest without warrant.
"Bharatiya Nagarik Suraksha Sanhita, 2023",56,Health and safety of arrested person.
"Bharatiya Nagarik Suraksha Sanhita, 2023",57,Person arrested to be taken before Magistrate or officer in charge of police station.
"Bharatiya Nagarik Suraksha Sanhita, 2023",58,Person arrested not to be detained more than twenty-four hours.
"Bharatiya Nagarik Suraksha Sanhita, 2023",59,Police to report apprehensions.
"Bharatiya Nagarik Suraksha Sanhita, 2023",60,Discharge of person apprehended.
"Bharatiya Nagarik Suraksha Sanhita, 2023",61,"Power, on escape, to pursue and retake."
"Bharatiya Nagarik Suraksha Sanhita, 2023",62,Arrest to be made strictly according to Sanhita.
"Bharatiya Nagarik Suraksha Sanhita, 2023",63,Form of summons.
"Bharatiya Nagarik Suraksha Sanhita, 2023",64,Summons how served.
"Bharatiya Nagarik Suraksha Sanhita, 2023",65,"Service of summons on corporate bodies, firms, and societies."
"Bharatiya Nagarik Suraksha Sanhita, 2023",66,Service when persons summoned cannot be found.
"Bharatiya Nagarik Suraksha Sanhita, 2023",67,Procedure when service cannot be effected as before provided .
"Bharatiya Nagarik Suraksha Sanhita, 2023",68,Service on Government servant.
"Bharatiya Nagarik Suraksha Sanhita, 2023",69,Service of summons outside local limits.
"Bharatiya Nagarik Suraksha Sanhita, 2023",70,Proof of service in such cases and when serving officer not present.
"Bharatiya Nagarik Suraksha Sanhita, 2023",71,Service of summons on witness .
"Bharatiya Nagarik Suraksha Sanhita, 2023",72,Form of warrant of arrest and duration .
"Bharatiya Nagarik Suraksha Sanhita, 2023",73,Power to direct security to be taken.
"Bharatiya Nagarik Suraksha Sanhita, 2023",74,Warrants to whom directed.
"Bharatiya Nagarik Suraksha Sanhita, 2023",75,Warrant may be directed to any person .
"Bharatiya Nagarik Suraksha Sanhita, 2023",76,Warrant directed to police officer.
"Bharatiya Nagarik Suraksha Sanhita, 2023",77,Notification of substance of warrant.
"Bharatiya Nagarik Suraksha Sanhita, 2023",78,Person arrested to be brought before Court without delay.
"Bharatiya Nagarik Suraksha Sanhita, 2023",79,Where warrant may be executed.
"Bharatiya Nagarik Suraksha Sanhita, 2023",80,Warrant forwarded for execution outside jurisdiction .
"Bharatiya Nagarik Suraksha Sanhita, 2023",81,Warrant directed to police officer for execution outside jurisdiction .
"Bharatiya Nagarik Suraksha Sanhita, 2023",82,Procedure on arrest of person against whom warrant issued.
"Bharatiya Nagarik Suraksha Sanhita, 2023",83,Procedure by Magistrate before whom such person arrested is brought .
"Bharatiya Nagarik Suraksha Sanhita, 2023",84,Proclamation for person absconding .
"Bharatiya Nagarik Suraksha Sanhita, 2023",85,Attachment of property of person absconding .
"Bharatiya Nagarik Suraksha Sanhita, 2023",86,Identification and attachment of property of proclaimed person .
"Bharatiya Nagarik Suraksha Sanhita, 2023",87,Claims and objections to attachment.
"Bharatiya Nagarik Suraksha Sanhita, 2023",88,"Release, sale and restoration of attached property."
"Bharatiya Nagarik Suraksha Sanhita, 2023",89,Appeal from order rejecting application for restoration of attached property .
"Bharatiya Nagarik Suraksha Sanhita, 2023",90,"Issue of warrant in lieu of, or in addition to, summons."
"Bharatiya Nagarik Suraksha Sanhita, 2023",91,Power to take bond or bail bond for appearance .
"Bharatiya Nagarik Suraksha Sanhita, 2023",92,Arrest on breach of bond or bail bond for appearance.
"Bharatiya Nagarik Suraksha Sanhita, 2023",93,Provisions of this Chapter generally applicable to summons and warrants of arrest .
"Bharatiya Nagarik Suraksha Sanhita, 2023",94,Summons to produce document or other thing .
"Bharatiya Nagarik Suraksha Sanhita, 2023",95,Procedure as to letters.
"Bharatiya Nagarik Suraksha Sanhita, 2023",96,When search-warrant may be issued.
"Bharatiya Nagarik Suraksha Sanhita, 2023",97,"Search of place suspected to contain stolen property, forged documents, etc ."
"Bharatiya Nagarik Suraksha Sanhita, 2023",98,Power to declare certain publications forfeited and to issue search -warrants for same.
"Bharatiya Nagarik Suraksha Sanhita, 2023",99,Application to High Court to set aside declaration of forfeiture .
"Bharatiya Nagarik Suraksha Sanhita, 2023",100,Search for persons wrongfully confined.
"Bharatiya Nagarik Suraksha Sanhita, 2023",101,Power to compel restoration of abducted females .
"Bharatiya Nagarik Suraksha Sanhita, 2023",102,"Direction, etc., of search -warrants."
"Bharatiya Nagarik Suraksha Sanhita, 2023",103,Persons in charge of closed place to allow search.
"Bharatiya Nagarik Suraksha Sanhita, 2023",104,Disposal of things found in search beyond jurisdiction .
"Bharatiya Nagarik Suraksha Sanhita, 2023",105,Recording of search and seizure through audio -video electronic means .
"Bharatiya Nagarik Suraksha Sanhita, 2023",106,Power of police officer to seize certain property.
"Bharatiya Nagarik Suraksha Sanhita, 2023",107,"Attachment, forfeiture or restoration of property ."
"Bharatiya Nagarik Suraksha Sanhita, 2023",108,Magistrate may direct search in his presence.
"Bharatiya Nagarik Suraksha Sanhita, 2023",109,"Power to impound document, etc., produced ."
"Bharatiya Nagarik Suraksha Sanhita, 2023",110,Reciprocal arrangements regarding processes.
"Bharatiya Nagarik Suraksha Sanhita, 2023",111,Definitions.
"Bharatiya Nagarik Suraksha Sanhita, 2023",112,Letter of request to competent authority for investigation in a country or place outside India.
"Bharatiya Nagarik Suraksha Sanhita, 2023",113,Letter of request from a country or place outside India to a Court or an authority for investigation in India.
"Bharatiya Nagarik Suraksha Sanhita, 2023",114,Assistance in securing transfer of persons.
"Bharatiya Nagarik Suraksha Sanhita, 2023",115,Assistance in relation to orders of attachment or forfeiture of property .
"Bharatiya Nagarik Suraksha Sanhita, 2023",116,Identifying unlawfully acquired property .
"Bharatiya Nagarik Suraksha Sanhita, 2023",117,Seizure or attachment of property .
"Bharatiya Nagarik Suraksha Sanhita, 2023",118,Management of properties seized or forfeited under this Chapter.
"Bharatiya Nagarik Suraksha Sanhita, 2023",119,Notice of forfeiture of property.
"Bharatiya Nagarik Suraksha Sanhita, 2023",120,Forfeiture of property in certain cases.
"Bharatiya Nagarik Suraksha Sanhita, 2023",121,Fine in lieu of forfeiture.
"Bharatiya Nagarik Suraksha Sanhita, 2023",122,Certain transfers to be null and void.
"Bharatiya Nagarik Suraksha Sanhita, 2023",123,Procedure in respect of letter of request.
"Bharatiya Nagarik Suraksha Sanhita, 2023",124,Application of this Chapter .
"Bharatiya Nagarik Suraksha Sanhita, 2023",125,Security for keeping peace on conviction.
"Bharatiya Nagarik Suraksha Sanhita, 2023",126,Security for keeping peace in other cases .
"Bharatiya Nagarik Suraksha Sanhita, 2023",127,Security for good behavio ur from persons disseminating certain matters .
"Bharatiya Nagarik Suraksha Sanhita, 2023",128,Security for good behaviour from suspected persons.
"Bharatiya Nagarik Suraksha Sanhita, 2023",129,Security for good behaviour from habitual offenders.
"Bharatiya Nagarik Suraksha Sanhita, 2023",130,Order to be made .
"Bharatiya Nagarik Suraksha Sanhita, 2023",131,Procedure in respect of person present in Court.
"Bharatiya Nagarik Suraksha Sanhita, 2023",132,Summons or warrant in case of person not so present.
"Bharatiya Nagarik Suraksha Sanhita, 2023",133,Copy of order to accompany summons or warrant.
"Bharatiya Nagarik Suraksha Sanhita, 2023",134,Power to dispense with personal attendance.
"Bharatiya Nagarik Suraksha Sanhita, 2023",135,Inquiry as to truth of information .
"Bharatiya Nagarik Suraksha Sanhita, 2023",136,Order to give security .
"Bharatiya Nagarik Suraksha Sanhita, 2023",137,Discharge of person informed against.
"Bharatiya Nagarik Suraksha Sanhita, 2023",138,Commencement of period for which security is required .
"Bharatiya Nagarik Suraksha Sanhita, 2023",139,Contents of bond.
"Bharatiya Nagarik Suraksha Sanhita, 2023",140,Power to reject sureties .
"Bharatiya Nagarik Suraksha Sanhita, 2023",141,Imprisonment in default of security .
"Bharatiya Nagarik Suraksha Sanhita, 2023",142,Power to release persons imprisoned for failing to give security .
"Bharatiya Nagarik Suraksha Sanhita, 2023",143,Security for unexpired period of bond.
"Bharatiya Nagarik Suraksha Sanhita, 2023",144,"Order for maintenance of wives, children and parents ."
"Bharatiya Nagarik Suraksha Sanhita, 2023",145,Procedure.
"Bharatiya Nagarik Suraksha Sanhita, 2023",146,Alteration in allowance.
"Bharatiya Nagarik Suraksha Sanhita, 2023",147,Enforcement of order of maintenance .
"Bharatiya Nagarik Suraksha Sanhita, 2023",148,Dispersal of assembly by use of civil force.
"Bharatiya Nagarik Suraksha Sanhita, 2023",149,Use of armed forces to disperse assembly.
"Bharatiya Nagarik Suraksha Sanhita, 2023",150,Power of certain armed force officers to disperse assembly .
"Bharatiya Nagarik Suraksha Sanhita, 2023",151,"Protection against prosecution for acts done under sections 148, 149 and 150 ."
"Bharatiya Nagarik Suraksha Sanhita, 2023",152,Conditional order for removal of nuisance .
"Bharatiya Nagarik Suraksha Sanhita, 2023",153,Service or notification of order .
"Bharatiya Nagarik Suraksha Sanhita, 2023",154,Person to whom order is addressed to obey or show cause .
"Bharatiya Nagarik Suraksha Sanhita, 2023",155,Penalty for failure to comply with section 154 .
"Bharatiya Nagarik Suraksha Sanhita, 2023",156,Procedure where existence of public right is denied .
"Bharatiya Nagarik Suraksha Sanhita, 2023",157,Procedure where person against whom order is made under section 152 appears to show cause.
"Bharatiya Nagarik Suraksha Sanhita, 2023",158,Power of Magistrate to direct local investigation and examination of an expert .
"Bharatiya Nagarik Suraksha Sanhita, 2023",159,"Power of Magistrate to furnish written instructions, etc ."
"Bharatiya Nagarik Suraksha Sanhita, 2023",160,Procedure on order being made absolute and consequences of disobedience .
"Bharatiya Nagarik Suraksha Sanhita, 2023",161,Injunction pending inquiry.
"Bharatiya Nagarik Suraksha Sanhita, 2023",162,Magistrate may prohibit repetition or Continuance of public nuisance.
"Bharatiya Nagarik Suraksha Sanhita, 2023",163,Power to issue order in urgent cases of nuisance or apprehended danger.
"Bharatiya Nagarik Suraksha Sanhita, 2023",164,Procedure where dispute concerning land or water is likely to cause breach of peace.
"Bharatiya Nagarik Suraksha Sanhita, 2023",165,Power to attach subject of dispute and to appoint receiver.
"Bharatiya Nagarik Suraksha Sanhita, 2023",166,Dispute concerning right of use of land or water .
"Bharatiya Nagarik Suraksha Sanhita, 2023",167,Local inquiry.
"Bharatiya Nagarik Suraksha Sanhita, 2023",168,Police to prevent cognizable offences .
"Bharatiya Nagarik Suraksha Sanhita, 2023",169,Information of design to commit cognizable offences .
"Bharatiya Nagarik Suraksha Sanhita, 2023",170,Arrest to prevent commission of cognizable offences.
"Bharatiya Nagarik Suraksha Sanhita, 2023",171,Prevention of injury to public property .
"Bharatiya Nagarik Suraksha Sanhita, 2023",172,Persons bound to conform to lawful directions of police .
"Bharatiya Nagarik Suraksha Sanhita, 2023",173,Information in cognizable cases .
"Bharatiya Nagarik Suraksha Sanhita, 2023",174,Information as to non -cognizable cases and investigation of such cases.
"Bharatiya Nagarik Suraksha Sanhita, 2023",175,Police officer ’s power to investigate cognizable case .
"Bharatiya Nagarik Suraksha Sanhita, 2023",176,Procedure for investigation.
"Bharatiya Nagarik Suraksha Sanhita, 2023",177,Report how submitted.
"Bharatiya Nagarik Suraksha Sanhita, 2023",178,Power to hold investigation or preliminary inquiry .
"Bharatiya Nagarik Suraksha Sanhita, 2023",179,Police officer's power to require attendance of witnesses .
"Bharatiya Nagarik Suraksha Sanhita, 2023",180,Examination of witnesses by police.
"Bharatiya Nagarik Suraksha Sanhita, 2023",181,Statements to police and use thereof.
"Bharatiya Nagarik Suraksha Sanhita, 2023",182,No inducement to be offered .
"Bharatiya Nagarik Suraksha Sanhita, 2023",183,73
"Bharatiya Nagarik Suraksha Sanhita, 2023",184,Medical examination of victim of rape .
"Bharatiya Nagarik Suraksha Sanhita, 2023",185,Search by police officer.
"Bharatiya Nagarik Suraksha Sanhita, 2023",186,When officer in charge of police station may require another to issue search -warrant.
"Bharatiya Nagarik Suraksha Sanhita, 2023",187,Procedure when investigation cannot be completed in twenty-four hours.
"Bharatiya Nagarik Suraksha Sanhita, 2023",188,Report of investigation by subordinate police officer .
"Bharatiya Nagarik Suraksha Sanhita, 2023",189,Release of accused when evidence deficient .
"Bharatiya Nagarik Suraksha Sanhita, 2023",190,"Cases to be sent to Magistrate, when evidence is sufficient."
"Bharatiya Nagarik Suraksha Sanhita, 2023",191,Complainant and witnesses not to be required to accompany police officer and not to be subject to restraint.
"Bharatiya Nagarik Suraksha Sanhita, 2023",192,Diary of proceedings in investigation.
"Bharatiya Nagarik Suraksha Sanhita, 2023",193,Report of police officer on completion of investigation .
"Bharatiya Nagarik Suraksha Sanhita, 2023",194,"Police to enquire and report on suicide, etc."
"Bharatiya Nagarik Suraksha Sanhita, 2023",195,Power to summon persons.
"Bharatiya Nagarik Suraksha Sanhita, 2023",196,Inquiry by Magistrate into cause of death .
"Bharatiya Nagarik Suraksha Sanhita, 2023",197,Ordinary place of inquiry and trial.
"Bharatiya Nagarik Suraksha Sanhita, 2023",198,Place of inquiry or trial.
"Bharatiya Nagarik Suraksha Sanhita, 2023",199,Offence triable where act is done or consequence ensues.
"Bharatiya Nagarik Suraksha Sanhita, 2023",200,Place of trial where act is an offence by reason of relation to other offence .
"Bharatiya Nagarik Suraksha Sanhita, 2023",201,Place of trial in case of certain offences.
"Bharatiya Nagarik Suraksha Sanhita, 2023",202,"Offences committed by means of electronic communications, letters, etc ."
"Bharatiya Nagarik Suraksha Sanhita, 2023",203,Offence committed on journey or voyage.
"Bharatiya Nagarik Suraksha Sanhita, 2023",204,Place of trial for offences triable together.
"Bharatiya Nagarik Suraksha Sanhita, 2023",205,Power to order cases to be tried in different sessions divisions .
"Bharatiya Nagarik Suraksha Sanhita, 2023",206,"High Court to decide, in case of doubt, district where inquiry or trial shall take place ."
"Bharatiya Nagarik Suraksha Sanhita, 2023",207,Power to issue summons or warrant for offence committed beyond local jurisdiction .
"Bharatiya Nagarik Suraksha Sanhita, 2023",208,Offence committed outside India.
"Bharatiya Nagarik Suraksha Sanhita, 2023",209,Receipt of evidence relating to offences committed outside India.
"Bharatiya Nagarik Suraksha Sanhita, 2023",210,Cognizance of offences by Magistrate .
"Bharatiya Nagarik Suraksha Sanhita, 2023",211,Transfer on application of accused.
"Bharatiya Nagarik Suraksha Sanhita, 2023",212,Making over of cases to Magistrates .
"Bharatiya Nagarik Suraksha Sanhita, 2023",213,Cognizance of offences by Court of Session .
"Bharatiya Nagarik Suraksha Sanhita, 2023",214,Additional Sessions Judges to try cases made over to them .
"Bharatiya Nagarik Suraksha Sanhita, 2023",215,"Prosecution for contempt of lawful authority of public servants, for offences against public justice and for offences relating to documents given in evidence."
"Bharatiya Nagarik Suraksha Sanhita, 2023",216,"Procedure for witnesses in case of threatening, etc."
"Bharatiya Nagarik Suraksha Sanhita, 2023",217,Prosecution for offences against State and for criminal conspiracy to commit such offence.
"Bharatiya Nagarik Suraksha Sanhita, 2023",218,Prosecution of Judges and public servants .
"Bharatiya Nagarik Suraksha Sanhita, 2023",219,Prosecution for offences against marriage.
"Bharatiya Nagarik Suraksha Sanhita, 2023",220,"Prosecution of offences under section 85 of Bharatiya Nyaya Sanhita, 2023."
"Bharatiya Nagarik Suraksha Sanhita, 2023",221,Cognizance of offence .
"Bharatiya Nagarik Suraksha Sanhita, 2023",222,Prosecution for defamation.
"Bharatiya Nagarik Suraksha Sanhita, 2023",223,Examination of complainant.
"Bharatiya Nagarik Suraksha Sanhita, 2023",224,Procedure by Magistrate not competent to take cognizance of case.
"Bharatiya Nagarik Suraksha Sanhita, 2023",225,Postponement of issue of process.
"Bharatiya Nagarik Suraksha Sanhita, 2023",226,Dismissal of complaint.
"Bharatiya Nagarik Suraksha Sanhita, 2023",227,Issue of process.
"Bharatiya Nagarik Suraksha Sanhita, 2023",228,Magistrate may dispense with personal attendance of accused .
"Bharatiya Nagarik Suraksha Sanhita, 2023",229,Special summons in cases of petty offence .
"Bharatiya Nagarik Suraksha Sanhita, 2023",230,Supply to accused of copy of police report and other documents .
"Bharatiya Nagarik Suraksha Sanhita, 2023",231,Supply of copies of statements and documents to accused in other cases triable by Court of Session.
"Bharatiya Nagarik Suraksha Sanhita, 2023",232,Commitment of case to Court of Session when offence is triable exclusively by it .
"Bharatiya Nagarik Suraksha Sanhita, 2023",233,Procedure to be followed when there is a complaint case and police investigation in respect of same offence.
"Bharatiya Nagarik Suraksha Sanhita, 2023",234,Contents of charge.
"Bharatiya Nagarik Suraksha Sanhita, 2023",235,"Particulars as to time, place and person ."
"Bharatiya Nagarik Suraksha Sanhita, 2023",236,When manner of committing offence must be stated.
"Bharatiya Nagarik Suraksha Sanhita, 2023",237,Words in charge taken in sense of law under which offence is punishable .
"Bharatiya Nagarik Suraksha Sanhita, 2023",238,Effect of errors.
"Bharatiya Nagarik Suraksha Sanhita, 2023",239,Court may alter charge .
"Bharatiya Nagarik Suraksha Sanhita, 2023",240,Recall of witnesses when charge altered.
"Bharatiya Nagarik Suraksha Sanhita, 2023",241,Separate charges for distinct offences .
"Bharatiya Nagarik Suraksha Sanhita, 2023",242,Offences of same kind within year may be charged together.
"Bharatiya Nagarik Suraksha Sanhita, 2023",243,Trial for more than one offence.
"Bharatiya Nagarik Suraksha Sanhita, 2023",244,Where it is doubtful what offence has been committed .
"Bharatiya Nagarik Suraksha Sanhita, 2023",245,When offence proved included in offence charged .
"Bharatiya Nagarik Suraksha Sanhita, 2023",246,Illustration.
"Bharatiya Nagarik Suraksha Sanhita, 2023",247,Withdrawal of remaining charges on conviction on one of several charges .
"Bharatiya Nagarik Suraksha Sanhita, 2023",248,Trial to be conducted by Public Prosecutor .
"Bharatiya Nagarik Suraksha Sanhita, 2023",249,Opening case for prosecution .
"Bharatiya Nagarik Suraksha Sanhita, 2023",250,Discharge.
"Bharatiya Nagarik Suraksha Sanhita, 2023",251,Framing of charge .
"Bharatiya Nagarik Suraksha Sanhita, 2023",252,Conviction on plea of guilty .
"Bharatiya Nagarik Suraksha Sanhita, 2023",253,Date for prosecution evidence.
"Bharatiya Nagarik Suraksha Sanhita, 2023",254,Evidence for prosecution .
"Bharatiya Nagarik Suraksha Sanhita, 2023",255,Acquittal.
"Bharatiya Nagarik Suraksha Sanhita, 2023",256,Entering upon defence.
"Bharatiya Nagarik Suraksha Sanhita, 2023",257,Arguments.
"Bharatiya Nagarik Suraksha Sanhita, 2023",258,Judgment of acquittal or conviction .
"Bharatiya Nagarik Suraksha Sanhita, 2023",259,Previous conviction.
"Bharatiya Nagarik Suraksha Sanhita, 2023",260,Procedure in cases instituted under sub -section (2) of section 222 .
"Bharatiya Nagarik Suraksha Sanhita, 2023",261,Compliance with section 230 .
"Bharatiya Nagarik Suraksha Sanhita, 2023",262,When accused shall be discharged .
"Bharatiya Nagarik Suraksha Sanhita, 2023",263,Framing of charge .
"Bharatiya Nagarik Suraksha Sanhita, 2023",264,Conviction on plea of guilty.
"Bharatiya Nagarik Suraksha Sanhita, 2023",265,Evidence for prosecution.
"Bharatiya Nagarik Suraksha Sanhita, 2023",266,Evidence for defence.
"Bharatiya Nagarik Suraksha Sanhita, 2023",267,Evidence for prosecution.
"Bharatiya Nagarik Suraksha Sanhita, 2023",268,When accused shall be discharged .
"Bharatiya Nagarik Suraksha Sanhita, 2023",269,Procedure where accused is not discharged.
"Bharatiya Nagarik Suraksha Sanhita, 2023",270,Evidence for defence .
"Bharatiya Nagarik Suraksha Sanhita, 2023",271,Acquittal or conviction .
"Bharatiya Nagarik Suraksha Sanhita, 2023",272,Absence of complainant.
"Bharatiya Nagarik Suraksha Sanhita, 2023",273,Compensation for accusation without reasonable cause .
"Bharatiya Nagarik Suraksha Sanhita, 2023",274,Substance of accusation to be stated .
"Bharatiya Nagarik Suraksha Sanhita, 2023",275,Conviction on plea of guilty.
"Bharatiya Nagarik Suraksha Sanhita, 2023",276,Conviction on plea of guilty in absence of accused in petty cases.
"Bharatiya Nagarik Suraksha Sanhita, 2023",277,Procedure when not convicted.
"Bharatiya Nagarik Suraksha Sanhita, 2023",278,Acquittal or conviction .
"Bharatiya Nagarik Suraksha Sanhita, 2023",279,Non-appearance or death of complainant.
"Bharatiya Nagarik Suraksha Sanhita, 2023",280,Withdrawal of complaint .
"Bharatiya Nagarik Suraksha Sanhita, 2023",281,Power to stop proceedings in certain cases .
"Bharatiya Nagarik Suraksha Sanhita, 2023",282,Power of Court to convert summonscases into warrant-cases.
"Bharatiya Nagarik Suraksha Sanhita, 2023",283,Power to try summarily.
"Bharatiya Nagarik Suraksha Sanhita, 2023",284,Summary trial by Magistrate of second class.
"Bharatiya Nagarik Suraksha Sanhita, 2023",285,Procedure for summary trials.
"Bharatiya Nagarik Suraksha Sanhita, 2023",286,Record in summary trials .
"Bharatiya Nagarik Suraksha Sanhita, 2023",287,Judgment in cases tried summarily.
"Bharatiya Nagarik Suraksha Sanhita, 2023",288,Language of record and judgment.
"Bharatiya Nagarik Suraksha Sanhita, 2023",289,Application of Chapter.
"Bharatiya Nagarik Suraksha Sanhita, 2023",290,Application for plea bargaining .
"Bharatiya Nagarik Suraksha Sanhita, 2023",291,Guidelines for mutually satisfactory disposition .
"Bharatiya Nagarik Suraksha Sanhita, 2023",292,Report of mutually satisfactory disposition to be submitted before Court .
"Bharatiya Nagarik Suraksha Sanhita, 2023",293,Disposal of case .
"Bharatiya Nagarik Suraksha Sanhita, 2023",294,Judgment of Court .
"Bharatiya Nagarik Suraksha Sanhita, 2023",295,Finality of judgment.
"Bharatiya Nagarik Suraksha Sanhita, 2023",296,Power of Court in plea bargaining .
"Bharatiya Nagarik Suraksha Sanhita, 2023",297,Period of detention undergone by accused to be set off against sentence of imprisonment.
"Bharatiya Nagarik Suraksha Sanhita, 2023",298,Savings.
"Bharatiya Nagarik Suraksha Sanhita, 2023",299,Statements of accused not to be used.
"Bharatiya Nagarik Suraksha Sanhita, 2023",300,Non-application of Chapter .
"Bharatiya Nagarik Suraksha Sanhita, 2023",301,Definitions.
"Bharatiya Nagarik Suraksha Sanhita, 2023",302,Power to require attendance of prisoners.
"Bharatiya Nagarik Suraksha Sanhita, 2023",303,Power of State Government or Central Government to exclude certain persons from operation of section 302.
"Bharatiya Nagarik Suraksha Sanhita, 2023",304,Officer in charge of prison to abstain from carrying out order in certain contingencies.
"Bharatiya Nagarik Suraksha Sanhita, 2023",305,Prisoner to be brought to Court in custody .
"Bharatiya Nagarik Suraksha Sanhita, 2023",306,Power to issue commission for examination of witness in prison .
"Bharatiya Nagarik Suraksha Sanhita, 2023",307,Language of Courts.
"Bharatiya Nagarik Suraksha Sanhita, 2023",308,Evidence to be taken in presence of accused .
"Bharatiya Nagarik Suraksha Sanhita, 2023",309,Record in summonscases and inquiries.
"Bharatiya Nagarik Suraksha Sanhita, 2023",310,Record in warrant -cases.
"Bharatiya Nagarik Suraksha Sanhita, 2023",311,Record in trial before Court of Session.
"Bharatiya Nagarik Suraksha Sanhita, 2023",312,Language of record of evidence .
"Bharatiya Nagarik Suraksha Sanhita, 2023",313,Procedure in regard to such evidence when completed .
"Bharatiya Nagarik Suraksha Sanhita, 2023",314,Interpretation of evidence to accused or his advocate.
"Bharatiya Nagarik Suraksha Sanhita, 2023",315,Remarks respecting demeanour of witness .
"Bharatiya Nagarik Suraksha Sanhita, 2023",316,Record of examination of accused.
"Bharatiya Nagarik Suraksha Sanhita, 2023",317,Interpreter to be bound to interpret truthfully .
"Bharatiya Nagarik Suraksha Sanhita, 2023",318,Record in High Court.
"Bharatiya Nagarik Suraksha Sanhita, 2023",319,When attendance of witness may be dispensed with and commission issued.
"Bharatiya Nagarik Suraksha Sanhita, 2023",320,Commission to whom to be issued .
"Bharatiya Nagarik Suraksha Sanhita, 2023",321,Execution of commissions.
"Bharatiya Nagarik Suraksha Sanhita, 2023",322,Parties may examine witnesses.
"Bharatiya Nagarik Suraksha Sanhita, 2023",323,Return of commission .
"Bharatiya Nagarik Suraksha Sanhita, 2023",324,Adjournment of proceeding.
"Bharatiya Nagarik Suraksha Sanhita, 2023",325,Execution of foreign commissions.
"Bharatiya Nagarik Suraksha Sanhita, 2023",326,Deposition of medical witness.
"Bharatiya Nagarik Suraksha Sanhita, 2023",327,Identification report of Magistrate .
"Bharatiya Nagarik Suraksha Sanhita, 2023",328,Evidence of officers of Mint.
"Bharatiya Nagarik Suraksha Sanhita, 2023",329,Reports of certain Government scientific experts.
"Bharatiya Nagarik Suraksha Sanhita, 2023",330,No formal proof of certain documents.
"Bharatiya Nagarik Suraksha Sanhita, 2023",331,Affidavit in proof of conduct of public servants.
"Bharatiya Nagarik Suraksha Sanhita, 2023",332,Evidence of formal character on affidavit.
"Bharatiya Nagarik Suraksha Sanhita, 2023",333,Authorities before whom affidavits may be sworn.
"Bharatiya Nagarik Suraksha Sanhita, 2023",334,Previous conviction or acquittal how proved.
"Bharatiya Nagarik Suraksha Sanhita, 2023",335,Record of evidence in absence of accused .
"Bharatiya Nagarik Suraksha Sanhita, 2023",336,"Evidence of public servants, experts, police officers in certain cases ."
"Bharatiya Nagarik Suraksha Sanhita, 2023",337,Person once convicted or acquitted not to be tried for same offence .
"Bharatiya Nagarik Suraksha Sanhita, 2023",338,Appearance by Public Prosecutors.
"Bharatiya Nagarik Suraksha Sanhita, 2023",339,Permission to conduct prosecution .
"Bharatiya Nagarik Suraksha Sanhita, 2023",340,Right of person against whom proceedings are instituted to be defended .
"Bharatiya Nagarik Suraksha Sanhita, 2023",341,Legal aid to accused at State expense in certain cases.
"Bharatiya Nagarik Suraksha Sanhita, 2023",342,Procedure when corporation or registered society is an accused .
"Bharatiya Nagarik Suraksha Sanhita, 2023",343,Tender of pardon to accomplice .
"Bharatiya Nagarik Suraksha Sanhita, 2023",344,Power to direct tender of pardon.
"Bharatiya Nagarik Suraksha Sanhita, 2023",345,Trial of person not complying with conditions of pardon .
"Bharatiya Nagarik Suraksha Sanhita, 2023",346,Power to postpone or adjourn proceedings.
"Bharatiya Nagarik Suraksha Sanhita, 2023",347,Local inspection.
"Bharatiya Nagarik Suraksha Sanhita, 2023",348,"Power to summon material witness, or examine person present."
"Bharatiya Nagarik Suraksha Sanhita, 2023",349,"Power of Magistrate to order person to give specimen signatures or handwriting, etc ."
"Bharatiya Nagarik Suraksha Sanhita, 2023",350,Expenses of complainants and witnesses.
"Bharatiya Nagarik Suraksha Sanhita, 2023",351,Power to examine accused.
"Bharatiya Nagarik Suraksha Sanhita, 2023",352,Oral arguments and memorandum of arguments.
"Bharatiya Nagarik Suraksha Sanhita, 2023",353,Accused person to be competent witness .
"Bharatiya Nagarik Suraksha Sanhita, 2023",354,No influence to be used to induce disclosure.
"Bharatiya Nagarik Suraksha Sanhita, 2023",355,Provision for inquiries and trial being held in absence of accused in certain cases .
"Bharatiya Nagarik Suraksha Sanhita, 2023",356,"Inquiry, trial or judgment in absentia of proclaimed offender."
"Bharatiya Nagarik Suraksha Sanhita, 2023",357,Procedure where accused does not understand proceedings .
"Bharatiya Nagarik Suraksha Sanhita, 2023",358,Power to proceed against other persons appearing to be guilty of offence.
"Bharatiya Nagarik Suraksha Sanhita, 2023",359,Compounding of offences .
"Bharatiya Nagarik Suraksha Sanhita, 2023",360,Withdrawal from prosecution.
"Bharatiya Nagarik Suraksha Sanhita, 2023",361,Procedure in cases which Magistrate cannot dispose of .
"Bharatiya Nagarik Suraksha Sanhita, 2023",362,"Procedure when after commencement of inquiry or trial, Magistrate finds case should be committed."
"Bharatiya Nagarik Suraksha Sanhita, 2023",363,"Trial of persons previously convicted of offences against coinage, stamp -law or property."
"Bharatiya Nagarik Suraksha Sanhita, 2023",364,Procedure when Magistrate cannot pass sentence sufficiently severe .
"Bharatiya Nagarik Suraksha Sanhita, 2023",365,Conviction or commitment on evidence partly recorded by one Magistrate and partly by another.
"Bharatiya Nagarik Suraksha Sanhita, 2023",366,Court to be open.
"Bharatiya Nagarik Suraksha Sanhita, 2023",367,Procedure in case of accused being person of unsound mind.
"Bharatiya Nagarik Suraksha Sanhita, 2023",368,Procedure in case of person of unsound mind tried before Court .
"Bharatiya Nagarik Suraksha Sanhita, 2023",369,"(4) If the Magistrate is informed that the person referred to in sub -section (2) is a person of unsound mind, the Magistrate shall further determine whether the unsoundness of mind renders the accused incapable of entering defence and if the accused is found so incapable, the Magistrate shall record a finding to that effect, and shall examine the record of evidence produced by the prosecution and after hearing the advocate of the accused but without questioning the accused, if he finds that no prima facie case is made out against the accused, he shall, instead of postponing the enquiry, discharge the accused and deal with him in the manner provided under section 369: Provided that if the Magistrate finds that a prima facie case is made out against the accused in respect of whom a finding of unsoundness of mind is arrived at, he shall postpone the proceeding for such period, as in the opinion of the psychiatrist or clinical psychologist, is required for the treatment of the accused, and order the accused to be dealt with as provided under section 369."
"Bharatiya Nagarik Suraksha Sanhita, 2023",370,Resumption of inquiry or trial .
"Bharatiya Nagarik Suraksha Sanhita, 2023",371,Procedure on accused appearing before Magistrate or Court .
"Bharatiya Nagarik Suraksha Sanhita, 2023",372,When accused appears to have been of sound mind.
"Bharatiya Nagarik Suraksha Sanhita, 2023",373,Judgment of acquittal on ground of unsoundness of mind.
"Bharatiya Nagarik Suraksha Sanhita, 2023",374,Person acquitted on ground of unsoundness of mind to be detained in safe custody .
"Bharatiya Nagarik Suraksha Sanhita, 2023",375,Power of State Government to empower officer in charge to discharge .
"Bharatiya Nagarik Suraksha Sanhita, 2023",376,Procedure where prisoner of unsound mind is reported capable of making his defence .
"Bharatiya Nagarik Suraksha Sanhita, 2023",377,Procedure where person of unsound mind detained is declared fit to be released .
"Bharatiya Nagarik Suraksha Sanhita, 2023",378,Delivery of person of unsound mind to care of relative or friend.
"Bharatiya Nagarik Suraksha Sanhita, 2023",379,Procedure in cases mentioned in section 215.
"Bharatiya Nagarik Suraksha Sanhita, 2023",380,Appeal.
"Bharatiya Nagarik Suraksha Sanhita, 2023",381,Power to order costs.
"Bharatiya Nagarik Suraksha Sanhita, 2023",382,Procedure of Magistrate taking cognizance .
"Bharatiya Nagarik Suraksha Sanhita, 2023",383,Summary procedure for trial for giving false evidence .
"Bharatiya Nagarik Suraksha Sanhita, 2023",384,Procedure in certain cases of contempt .
"Bharatiya Nagarik Suraksha Sanhita, 2023",385,Procedure where Court considers that case should not be dealt with under section 384.
"Bharatiya Nagarik Suraksha Sanhita, 2023",386,When Registrar or Sub-Registrar to be deemed a Civil Court.
"Bharatiya Nagarik Suraksha Sanhita, 2023",387,Discharge of offender on submission of apology .
"Bharatiya Nagarik Suraksha Sanhita, 2023",388,Imprisonment or committal of person refusing to answer or produce document .
"Bharatiya Nagarik Suraksha Sanhita, 2023",389,Summary procedure for punishment for non -attendance by a witness in obedience to summons.
"Bharatiya Nagarik Suraksha Sanhita, 2023",390,"Appeals from convictions under sections 383, 384, 388 and 389."
"Bharatiya Nagarik Suraksha Sanhita, 2023",391,Certain Judges and Magistrates not to try certain offences when committed before themselves.
"Bharatiya Nagarik Suraksha Sanhita, 2023",392,Judgment.
"Bharatiya Nagarik Suraksha Sanhita, 2023",393,Language and contents of judgment .
"Bharatiya Nagarik Suraksha Sanhita, 2023",394,Order for notifying address of previously convicted offender.
"Bharatiya Nagarik Suraksha Sanhita, 2023",395,Order to pay compensation .
"Bharatiya Nagarik Suraksha Sanhita, 2023",396,Victim compensation scheme.
"Bharatiya Nagarik Suraksha Sanhita, 2023",397,Treatment of victims.
"Bharatiya Nagarik Suraksha Sanhita, 2023",398,Witness protection scheme .
"Bharatiya Nagarik Suraksha Sanhita, 2023",399,Compensation to persons groundlessly arrested .
"Bharatiya Nagarik Suraksha Sanhita, 2023",400,Order to pay costs in non-cognizable cases.
"Bharatiya Nagarik Suraksha Sanhita, 2023",401,Order to release on probation of good conduct or after admonition .
"Bharatiya Nagarik Suraksha Sanhita, 2023",402,Special reasons to be recorded in certain cases.
"Bharatiya Nagarik Suraksha Sanhita, 2023",403,Court not to alter judgment.
"Bharatiya Nagarik Suraksha Sanhita, 2023",404,Copy of judgment to be given to accused and other persons .
"Bharatiya Nagarik Suraksha Sanhita, 2023",405,Judgment when to be translated .
"Bharatiya Nagarik Suraksha Sanhita, 2023",406,Court of Session to send copy of finding and sentence to District Magistrate.
"Bharatiya Nagarik Suraksha Sanhita, 2023",407,Sentence of death to be submitted by Court of Session for confirmation.
"Bharatiya Nagarik Suraksha Sanhita, 2023",408,Power to direct further inquiry to be made or additional evidence to be taken.
"Bharatiya Nagarik Suraksha Sanhita, 2023",409,Power of High Court to confirm sentence or annul conviction .
"Bharatiya Nagarik Suraksha Sanhita, 2023",410,Confirmation or new sentence to be signed by two Judges .
"Bharatiya Nagarik Suraksha Sanhita, 2023",411,Procedure in case of difference of opinion .
"Bharatiya Nagarik Suraksha Sanhita, 2023",412,Procedure in cases submitted to High Court for confirmation .
"Bharatiya Nagarik Suraksha Sanhita, 2023",413,No appeal to lie unless otherwise provided.
"Bharatiya Nagarik Suraksha Sanhita, 2023",414,Appeal from orders requiring security or refusal to accept or rejecting surety for keeping peace or good behavior.
"Bharatiya Nagarik Suraksha Sanhita, 2023",415,Appeals from convictions .
"Bharatiya Nagarik Suraksha Sanhita, 2023",416,No appeal in certain cases when accused pleads guilty .
"Bharatiya Nagarik Suraksha Sanhita, 2023",417,No appeal in petty cases.
"Bharatiya Nagarik Suraksha Sanhita, 2023",418,Appeal by State Government against sentence .
"Bharatiya Nagarik Suraksha Sanhita, 2023",419,Appeal in case of acquittal.
"Bharatiya Nagarik Suraksha Sanhita, 2023",420,Appeal against conviction by High Court in certain cases .
"Bharatiya Nagarik Suraksha Sanhita, 2023",421,Special right of appeal in certain cases.
"Bharatiya Nagarik Suraksha Sanhita, 2023",422,Appeal to Court of Session how heard .
"Bharatiya Nagarik Suraksha Sanhita, 2023",423,Petition of appeal.
"Bharatiya Nagarik Suraksha Sanhita, 2023",424,Procedure when appellant in jail .
"Bharatiya Nagarik Suraksha Sanhita, 2023",425,Summary dismissal of appeal .
"Bharatiya Nagarik Suraksha Sanhita, 2023",426,Procedure for hearing appeals not dismissed summarily.
"Bharatiya Nagarik Suraksha Sanhita, 2023",427,Powers of Appellate Court .
"Bharatiya Nagarik Suraksha Sanhita, 2023",428,Judgments of subordinate Appellate Court .
"Bharatiya Nagarik Suraksha Sanhita, 2023",429,Order of High Court on appeal to be certified to lower Court.
"Bharatiya Nagarik Suraksha Sanhita, 2023",430,Suspension of sentence pending appeal; release of appellant on bail.
"Bharatiya Nagarik Suraksha Sanhita, 2023",431,Arrest of accused in appeal from acquittal .
"Bharatiya Nagarik Suraksha Sanhita, 2023",432,Appellate Court may take further evidence or direct it to be taken .
"Bharatiya Nagarik Suraksha Sanhita, 2023",433,Procedure where Judges of Court of appeal are equally divided.
"Bharatiya Nagarik Suraksha Sanhita, 2023",434,Finality of judgments and orders on appeal .
"Bharatiya Nagarik Suraksha Sanhita, 2023",435,Abatement of appeals.
"Bharatiya Nagarik Suraksha Sanhita, 2023",436,Reference to High Court.
"Bharatiya Nagarik Suraksha Sanhita, 2023",437,Disposal of case according to decision of High Court .
"Bharatiya Nagarik Suraksha Sanhita, 2023",438,Calling for records to exercise powers of revision.
"Bharatiya Nagarik Suraksha Sanhita, 2023",439,Power to order inquiry .
"Bharatiya Nagarik Suraksha Sanhita, 2023",440,Sessions Judge's powers of revision.
"Bharatiya Nagarik Suraksha Sanhita, 2023",441,Power of Additional Sessions Judge .
"Bharatiya Nagarik Suraksha Sanhita, 2023",442,High Court's powers of revision .
"Bharatiya Nagarik Suraksha Sanhita, 2023",443,Power of High Court to withdraw or transfer revision cases .
"Bharatiya Nagarik Suraksha Sanhita, 2023",444,Option of Court to hear parties.
"Bharatiya Nagarik Suraksha Sanhita, 2023",445,High Court's order to be certified to lower Court.
"Bharatiya Nagarik Suraksha Sanhita, 2023",446,Power of Supreme Court to transfer cases and appeals.
"Bharatiya Nagarik Suraksha Sanhita, 2023",447,Power of High Court to transfer cases and appeals.
"Bharatiya Nagarik Suraksha Sanhita, 2023",448,Power of Sessions Judge to transfer cases and appeals.
"Bharatiya Nagarik Suraksha Sanhita, 2023",449,Withdrawal of cases and appeals by Sessions Judges .
"Bharatiya Nagarik Suraksha Sanhita, 2023",450,Withdrawal of cases by Judicial Magistrates .
"Bharatiya Nagarik Suraksha Sanhita, 2023",451,Making over or withdrawal of cases by Executive Magistrates .
"Bharatiya Nagarik Suraksha Sanhita, 2023",452,Reasons to be recorded.
"Bharatiya Nagarik Suraksha Sanhita, 2023",453,Execution of order passed under section
"Bharatiya Nagarik Suraksha Sanhita, 2023",454,Execution of sentence of death passed by High Court.
"Bharatiya Nagarik Suraksha Sanhita, 2023",455,Postponement of execution of sentence of death in case of appeal to Supreme Court.
"Bharatiya Nagarik Suraksha Sanhita, 2023",456,Commutation of sentence of death on pregnant woman .
"Bharatiya Nagarik Suraksha Sanhita, 2023",457,Power to appoint place of imprisonment.
"Bharatiya Nagarik Suraksha Sanhita, 2023",458,Execution of sentence of imprisonment.
"Bharatiya Nagarik Suraksha Sanhita, 2023",459,Direction of warrant for execution .
"Bharatiya Nagarik Suraksha Sanhita, 2023",460,Warrant with whom to be lodged .
"Bharatiya Nagarik Suraksha Sanhita, 2023",461,Warrant for levy of fine.
"Bharatiya Nagarik Suraksha Sanhita, 2023",462,Effect of such warrant.
"Bharatiya Nagarik Suraksha Sanhita, 2023",463,Warrant for levy of fine issued by a Court in any territory to which this Sanhita does not extend.
"Bharatiya Nagarik Suraksha Sanhita, 2023",464,Suspension of execution of sentence of imprisonment .
"Bharatiya Nagarik Suraksha Sanhita, 2023",465,Who may issue warrant.
"Bharatiya Nagarik Suraksha Sanhita, 2023",466,Sentence on escaped convict when to take effect.
"Bharatiya Nagarik Suraksha Sanhita, 2023",467,Sentence on offender already sentenced for another offence .
"Bharatiya Nagarik Suraksha Sanhita, 2023",468,Period of detention undergone by accused to be set off against sentence of imprisonment.
"Bharatiya Nagarik Suraksha Sanhita, 2023",469,Saving.
"Bharatiya Nagarik Suraksha Sanhita, 2023",470,Return of warrant on execution of sentence .
"Bharatiya Nagarik Suraksha Sanhita, 2023",471,Money ordered to be paid recoverable as a fine .
"Bharatiya Nagarik Suraksha Sanhita, 2023",472,Mercy petition in death sentence cases.
"Bharatiya Nagarik Suraksha Sanhita, 2023",473,Power to suspend or remit sentences.
"Bharatiya Nagarik Suraksha Sanhita, 2023",474,Power to commute sentence .
"Bharatiya Nagarik Suraksha Sanhita, 2023",475,Restriction on powers of remission or commutation in certain cases .
"Bharatiya Nagarik Suraksha Sanhita, 2023",476,Concurrent power of Central Government in case of death sentences.
"Bharatiya Nagarik Suraksha Sanhita, 2023",477,State Government to act after concurrence with Central Government in certain cases.
"Bharatiya Nagarik Suraksha Sanhita, 2023",478,In what cases bail to be taken .
"Bharatiya Nagarik Suraksha Sanhita, 2023",479,Maximum period for which under trial prisoner can be detained .
"Bharatiya Nagarik Suraksha Sanhita, 2023",480,When bail may be taken in case of non-bailable offence.
"Bharatiya Nagarik Suraksha Sanhita, 2023",481,Bail to require accused to appear before next Appellate Court.
"Bharatiya Nagarik Suraksha Sanhita, 2023",482,Direction for grant of bail to person apprehending arrest .
"Bharatiya Nagarik Suraksha Sanhita, 2023",483,Special powers of High Court or Court of Session regarding bail.
"Bharatiya Nagarik Suraksha Sanhita, 2023",484,Amount of bond and reduction thereof .
"Bharatiya Nagarik Suraksha Sanhita, 2023",485,Bond of accused and sureties.
"Bharatiya Nagarik Suraksha Sanhita, 2023",486,Declaration by sureties.
"Bharatiya Nagarik Suraksha Sanhita, 2023",487,Discharge from custody.
"Bharatiya Nagarik Suraksha Sanhita, 2023",488,Power to order sufficient bail when that first taken is insufficient.
"Bharatiya Nagarik Suraksha Sanhita, 2023",489,Discharge of sureties .
"Bharatiya Nagarik Suraksha Sanhita, 2023",490,Deposit instead of recognizance .
"Bharatiya Nagarik Suraksha Sanhita, 2023",491,Procedure when bond has been forfeited.
"Bharatiya Nagarik Suraksha Sanhita, 2023",492,Cancellation of bond and bail bond.
"Bharatiya Nagarik Suraksha Sanhita, 2023",493,Procedure in case of insolvency or death of surety or when a bond is forfeited .
"Bharatiya Nagarik Suraksha Sanhita, 2023",494,Bond required from child.
"Bharatiya Nagarik Suraksha Sanhita, 2023",495,Appeal from orders under section 491 .
"Bharatiya Nagarik Suraksha Sanhita, 2023",496,Power to direct levy of amount due on certain recognizances .
"Bharatiya Nagarik Suraksha Sanhita, 2023",497,Order for custody and disposal of property pending trial in certain cases .
"Bharatiya Nagarik Suraksha Sanhita, 2023",498,Order for disposal of property at conclusion of trial .
"Bharatiya Nagarik Suraksha Sanhita, 2023",499,Payment to innocent purchaser of money found on accused .
"Bharatiya Nagarik Suraksha Sanhita, 2023",500,Appeal against orders under section 498 or section 499.
"Bharatiya Nagarik Suraksha Sanhita, 2023",501,Destruction of libellous and other matter.
"Bharatiya Nagarik Suraksha Sanhita, 2023",502,Power to restore possession of immovable property .
"Bharatiya Nagarik Suraksha Sanhita, 2023",503,Procedure by police upon seizure of property .
"Bharatiya Nagarik Suraksha Sanhita, 2023",504,Procedure where no claimant appears within six months.
"Bharatiya Nagarik Suraksha Sanhita, 2023",505,Power to sell perishable property.
"Bharatiya Nagarik Suraksha Sanhita, 2023",506,Irregularities which do not vitiate proceedings.
"Bharatiya Nagarik Suraksha Sanhita, 2023",507,Irregularities which vitiate proceedings .
"Bharatiya Nagarik Suraksha Sanhita, 2023",508,Proceedings in wrong place.
"Bharatiya Nagarik Suraksha Sanhita, 2023",509,Non-compliance with provisions of section 183 or section 316.
"Bharatiya Nagarik Suraksha Sanhita, 2023",510,"Effect of omission to frame, or absence of, or error in, charge ."
"Bharatiya Nagarik Suraksha Sanhita, 2023",511,"Finding or sentence when reversible by reason of error, omission or irregularity."
"Bharatiya Nagarik Suraksha Sanhita, 2023",512,Defect or error not to make attachment unlawful .
"Bharatiya Nagarik Suraksha Sanhita, 2023",513,Definitions.
"Bharatiya Nagarik Suraksha Sanhita, 2023",514,Bar to taking cognizance after lapse of period of limitation.
"Bharatiya Nagarik Suraksha Sanhita, 2023",515,Commencement of period of limitation.
"Bharatiya Nagarik Suraksha Sanhita, 2023",516,Exclusion of time in certain cases .
"Bharatiya Nagarik Suraksha Sanhita, 2023",517,Exclusion of date on which Court is closed .
"Bharatiya Nagarik Suraksha Sanhita, 2023",518,Continuing offence.
"Bharatiya Nagarik Suraksha Sanhita, 2023",519,Extension of period of limitation in certain cases.
"Bharatiya Nagarik Suraksha Sanhita, 2023",520,Trials before High Courts.
"Bharatiya Nagarik Suraksha Sanhita, 2023",521,Delivery to commanding officers of persons liable to be tried by Court -martial.
"Bharatiya Nagarik Suraksha Sanhita, 2023",522,Forms.
"Bharatiya Nagarik Suraksha Sanhita, 2023",523,Power of High Court to make rules.
"Bharatiya Nagarik Suraksha Sanhita, 2023",524,Power to alter functions allocated to Executive Magistrate in certain cases.
"Bharatiya Nagarik Suraksha Sanhita, 2023",525,Cases in which Judge or Magistrate is personally interested .
"Bharatiya Nagarik Suraksha Sanhita, 2023",526,Practising advocate not to sit as Magistrate in certain Courts.
"Bharatiya Nagarik Suraksha Sanhita, 2023",527,Public servant concerned in sale not to purchase or bid for property.
"Bharatiya Nagarik Suraksha Sanhita, 2023",528,Saving of inherent powers of High Court.
"Bharatiya Nagarik Suraksha Sanhita, 2023",529,Duty of High Court to exercise continuous superintendence over Courts.
"Bharatiya Nagarik Suraksha Sanhita, 2023",530,Trial and proceedings to be held in electronic mode.
"Bharatiya Nagarik Suraksha Sanhita, 2023",531,Repeal and savings.
"Bharatiya Nyaya Sanhita, 2023",83,Marriage ceremony fraudulently gone through without lawful marriage .
"Bharatiya Nyaya Sanhita, 2023",84,Enticing or taking away or detaining with criminal intent a married woman .
"Bharatiya Nyaya Sanhita, 2023",85,Husband or relative of husband of a woman subjecting her to cruelty .
"Bharatiya Nyaya Sanhita, 2023",86,Cruelty defined.
"Bharatiya Nyaya Sanhita, 2023",87,"Kidnapping, abducting or inducing woman to compel her marriage, etc ."
"Bharatiya Nyaya Sanhita, 2023",88,Causing miscarriage.
"Bharatiya Nyaya Sanhita, 2023",89,Causing miscarriage without woman’s consent .
"Bharatiya Nyaya Sanhita, 2023",90,Death caused by act done with intent to cause miscarriage .
"Bharatiya Nyaya Sanhita, 2023",91,Act done with intent to prevent child being born alive or to cause to die after birth .
"Bharatiya Nyaya Sanhita, 2023",92,Causing death of quick unborn child by act amounting to culpable homicide .
"Bharatiya Nyaya Sanhita, 2023",93,"Exposure and abandonment of child under twelve years of age, by parent or person having care of it ."
"Bharatiya Nyaya Sanhita, 2023",94,Concealment of birth by secret disposal of dead body .
"Bharatiya Nyaya Sanhita, 2023",95,"Hiring, employing or engaging a child to commit an offence ."
"Bharatiya Nyaya Sanhita, 2023",96,Procuration of child .
"Bharatiya Nyaya Sanhita, 2023",97,Kidnapping or abducting child under ten years of age with intent to steal from its person.
"Bharatiya Nyaya Sanhita, 2023",98,"Selling child for purposes of prostitution, etc ."
"Bharatiya Nyaya Sanhita, 2023",99,"Buying child for purposes of prostitution, etc ."
"Bharatiya Nyaya Sanhita, 2023",100,Culpable homicide .
"Bharatiya Nyaya Sanhita, 2023",101,Murder.
"Bharatiya Nyaya Sanhita, 2023",102,Culpable homicide by causing death of person other than person whose death was intended.
"Bharatiya Nyaya Sanhita, 2023",103,Punishment for murder .
"Bharatiya Nyaya Sanhita, 2023",104,Punishment for murder by life-convict.
"Bharatiya Nyaya Sanhita, 2023",105,Punishment for culpable homicide not amounting to murder .
"Bharatiya Nyaya Sanhita, 2023",106,Causing death by negligence .
"Bharatiya Nyaya Sanhita, 2023",107,Abetment of suicide of child or person of unsound mind .
"Bharatiya Nyaya Sanhita, 2023",108,Abetment of suicide .
"Bharatiya Nyaya Sanhita, 2023",109,Attempt to murder.
"Bharatiya Nyaya Sanhita, 2023",110,Attempt to commit culpable homicide .
"Bharatiya Nyaya Sanhita, 2023",111,Organised crime .
"Bharatiya Nyaya Sanhita, 2023",112,Petty organised crime .
"Bharatiya Nyaya Sanhita, 2023",113,Terrorist act.
"Bharatiya Nyaya Sanhita, 2023",114,Hurt.
"Bharatiya Nyaya Sanhita, 2023",115,Voluntarily causing hurt .
"Bharatiya Nyaya Sanhita, 2023",116,Grievous hurt.
"Bharatiya Nyaya Sanhita, 2023",117,Voluntarily causing grievous hurt.
"Bharatiya Nyaya Sanhita, 2023",118,Voluntarily causing hurt or grievous hurt by dangerous weapons or means .
"Bharatiya Nyaya Sanhita, 2023",119,"Voluntarily causing hurt or grievous hurt to extort property, or to constrain to an illegal act."
"Bharatiya Nyaya Sanhita, 2023",120,"Voluntarily causing hurt or grievous hurt to extort confession, or to compel restoration of property."
"Bharatiya Nyaya Sanhita, 2023",121,Voluntarily causing hurt or grievous hurt to deter public servant from his duty .
"Bharatiya Nyaya Sanhita, 2023",122,Voluntarily causing hurt or grievous hurt on provocation .
"Bharatiya Nyaya Sanhita, 2023",123,"Causing hurt by means of poison, etc., with intent to commit an offence ."
"Bharatiya Nyaya Sanhita, 2023",124,"Voluntarily causing grievous hurt by use of acid, etc ."
"Bharatiya Nyaya Sanhita, 2023",125,Act endangering life or personal safety of others .
"Bharatiya Nyaya Sanhita, 2023",126,Wrongful restraint.
"Bharatiya Nyaya Sanhita, 2023",127,Wrongful confinement.
"Bharatiya Nyaya Sanhita, 2023",128,Force.
"Bharatiya Nyaya Sanhita, 2023",129,Criminal force .
"Bharatiya Nyaya Sanhita, 2023",130,Assault.
"Bharatiya Nyaya Sanhita, 2023",131,Punishment for assault or criminal force otherwise than on grave provocation .
"Bharatiya Nyaya Sanhita, 2023",132,Assault or criminal force to deter public servant from discharge of his duty .
"Bharatiya Nyaya Sanhita, 2023",133,"Assault or criminal force with intent to dishonour person, otherwise than on grave provocation."
"Bharatiya Nyaya Sanhita, 2023",134,Assault or criminal force in attempt to commit theft of property carried by a person .
"Bharatiya Nyaya Sanhita, 2023",135,Assault or criminal force in attempt to wrongfully confine a person .
"Bharatiya Nyaya Sanhita, 2023",136,Assault or criminal force on grave provocation .
"Bharatiya Nyaya Sanhita, 2023",137,Kidnapping.
"Bharatiya Nyaya Sanhita, 2023",138,Abduction.
"Bharatiya Nyaya Sanhita, 2023",139,Kidnapping or maiming a child for purposes of begging.
"Bharatiya Nyaya Sanhita, 2023",140,"Kidnapping or abducting in order to murder or for ransom, etc ."
"Bharatiya Nyaya Sanhita, 2023",141,Importation of girl or boy from foreign country .
"Bharatiya Nyaya Sanhita, 2023",142,"Wrongfully concealing or keeping in confinement, kidnapped or abducted person ."
"Bharatiya Nyaya Sanhita, 2023",143,Trafficking of person .
"Bharatiya Nyaya Sanhita, 2023",144,Exploitation of a trafficked person.
"Bharatiya Nyaya Sanhita, 2023",145,Habitual dealing in slaves.
"Bharatiya Nyaya Sanhita, 2023",146,Unlawful compulsory labour.
"Bharatiya Nyaya Sanhita, 2023",147,"Waging, or attempting to wage war, or abetting waging of war, against Government of India."
"Bharatiya Nyaya Sanhita, 2023",148,Conspiracy to commit offences punishable by section 147 .
"Bharatiya Nyaya Sanhita, 2023",149,"Collecting arms, etc., with intention of waging war against Government of India ."
"Bharatiya Nyaya Sanhita, 2023",150,Concealing with intent to facilitate design to wage war .
"Bharatiya Nyaya Sanhita, 2023",151,"Assaulting President, Governor, etc., with intent to compel or restrain exercise of any lawful power ."
"Bharatiya Nyaya Sanhita, 2023",152,"Act endangering sovereignty, unity and integrity of India ."
"Bharatiya Nyaya Sanhita, 2023",153,Waging war against Government of any foreign State at peace with Government of India.
"Bharatiya Nyaya Sanhita, 2023",154,Committing depredation on territories of foreign State at peace with Government of India.
"Bharatiya Nyaya Sanhita, 2023",155,Receiving property taken by war or depredation mentioned in sections 153 and 154 .
"Bharatiya Nyaya Sanhita, 2023",156,Public servant voluntarily allowing prisoner of State or war to escape .
"Bharatiya Nyaya Sanhita, 2023",157,Public servant negligently suffering such prisoner to escape .
"Bharatiya Nyaya Sanhita, 2023",158,"Aiding escape of, rescuing or harbouring such prisoner."
"Bharatiya Nyaya Sanhita, 2023",159,"Abetting mutiny, or attempting to seduce a soldier, sailor or airman from his duty ."
"Bharatiya Nyaya Sanhita, 2023",160,"Abetment of mutiny, if mutiny is committed in consequence thereof ."
"Bharatiya Nyaya Sanhita, 2023",161,"Abetment of assault by soldier, sailor or airman on his superior officer, when in execution of his office."
"Bharatiya Nyaya Sanhita, 2023",162,"Abetment of such assault, if assault committed ."
"Bharatiya Nyaya Sanhita, 2023",163,"Abetment of desertion of soldier, sailor or airman ."
"Bharatiya Nyaya Sanhita, 2023",164,Harbouring deserter.
"Bharatiya Nyaya Sanhita, 2023",165,Deserter concealed on board merchant vessel through negligence of master.
"Bharatiya Nyaya Sanhita, 2023",166,"Abetment of act of insubordination by soldier, sailor or airman ."
"Bharatiya Nyaya Sanhita, 2023",167,Persons subject to certain Acts .
"Bharatiya Nyaya Sanhita, 2023",168,"Wearing garb or carrying token used by soldier, sailor or airman ."
"Bharatiya Nyaya Sanhita, 2023",169,"Candidate, electoral right defined."
"Bharatiya Nyaya Sanhita, 2023",170,Bribery.
"Bharatiya Nyaya Sanhita, 2023",171,Undue influence at elections.
"Bharatiya Nyaya Sanhita, 2023",172,Personation at elections .
"Bharatiya Nyaya Sanhita, 2023",173,Punishment for bribery .
"Bharatiya Nyaya Sanhita, 2023",174,Punishment for undue influence or personation at an election .
"Bharatiya Nyaya Sanhita, 2023",175,False statement in connection with an election .
"Bharatiya Nyaya Sanhita, 2023",176,Illegal payments in connection with an election .
"Bharatiya Nyaya Sanhita, 2023",177,Failure to keep election accounts .
"Bharatiya Nyaya Sanhita, 2023",178,"Counterfeiting coin, Government stamps, currency -notes or bank -notes."
"Bharatiya Nyaya Sanhita, 2023",179,"Using as genuine, forged or counterfeit coin, Government stamp, currency -notes or bank- notes."
"Bharatiya Nyaya Sanhita, 2023",180,"Possession of forged or counterfeit coin, Government stamp, currency -notes or bank - notes."
"Bharatiya Nyaya Sanhita, 2023",181,"Making or possessing instruments or materials for forging or counterfeiting coin, Government stamp, currency-notes or bank-notes."
"Bharatiya Nyaya Sanhita, 2023",182,Making or using documents resembling currency -notes or bank -notes.
"Bharatiya Nyaya Sanhita, 2023",183,"Effacing writing from substance bearing Government stamp, or removing from document a stamp used for it, with intent to cause loss to Government."
"Bharatiya Nyaya Sanhita, 2023",184,Using Government stamp known to have been before used .
"Bharatiya Nyaya Sanhita, 2023",185,Erasure of mark denoting that stamp has been used .
"Bharatiya Nyaya Sanhita, 2023",186,Prohibition of fictitious stamps.
"Bharatiya Nyaya Sanhita, 2023",187,Person employed in mint causing coin to be of different weight or composition from that fixed by law .
"Bharatiya Nyaya Sanhita, 2023",188,Unlawfully taking coining instrument from mint .
"Bharatiya Nyaya Sanhita, 2023",189,Unlawful assembly .
"Bharatiya Nyaya Sanhita, 2023",190,Every member of unlawful assembly guilty of offence committed in prosecution of common object.
"Bharatiya Nyaya Sanhita, 2023",191,Rioting.
"Bharatiya Nyaya Sanhita, 2023",192,Wantonly giving provocation with intent to cause riot -if rioting be committed; if not committed.
"Bharatiya Nyaya Sanhita, 2023",193,"Liability of owner, occupier, etc., of land on which an unlawful assembly or riot takes place."
"Bharatiya Nyaya Sanhita, 2023",194,Affray.
"Bharatiya Nyaya Sanhita, 2023",195,"Assaulting or obstructing public servant when suppressing riot, etc ."
"Bharatiya Nyaya Sanhita, 2023",196,"Promoting enmity between different groups on grounds of religion, race, place of birth, residence, language, etc., and doing acts prejudicial to maintenance of harmony."
"Bharatiya Nyaya Sanhita, 2023",197,"Imputations, assertions prejudicial to national integration ."
"Bharatiya Nyaya Sanhita, 2023",198,"Public servant disobeying law, with intent to cause injury to any person."
"Bharatiya Nyaya Sanhita, 2023",199,Public servant disobeying direction under law.
"Bharatiya Nyaya Sanhita, 2023",200,Punishment for non-treatment of victim.
"Bharatiya Nyaya Sanhita, 2023",201,Public servant framing an incorrect document with intent to cause injury .
"Bharatiya Nyaya Sanhita, 2023",202,Public servant unlawfully engaging in trade .
"Bharatiya Nyaya Sanhita, 2023",203,Public servant unlawfully buying or bidding for property .
"Bharatiya Nyaya Sanhita, 2023",204,Personating a public servant .
"Bharatiya Nyaya Sanhita, 2023",205,Wearing garb or carrying token used by public servant with fraudulent intent.
"Bharatiya Nyaya Sanhita, 2023",206,Absconding to avoid service of summons or other proceeding .
"Bharatiya Nyaya Sanhita, 2023",207,"Preventing service of summons or other proceeding, or preventing publication thereof ."
"Bharatiya Nyaya Sanhita, 2023",208,Non-attendance in obedience to an order from public servant .
"Bharatiya Nyaya Sanhita, 2023",209,"Non-appearance in response to a proclamation under section 84 of Bharatiya Nagarik Suraksha Sanhita, 2023 ."
"Bharatiya Nyaya Sanhita, 2023",210,Omission to produce document or electronic record to public servant by person legally bound to produce it .
"Bharatiya Nyaya Sanhita, 2023",211,Omission to give notice or information to public servant by person legally bound to give it.
"Bharatiya Nyaya Sanhita, 2023",212,Furnishing false information .
"Bharatiya Nyaya Sanhita, 2023",213,Refusing oath or affirmation when duly required by public servant to make it .
"Bharatiya Nyaya Sanhita, 2023",214,Refusing to answer public servant authorised to question.
"Bharatiya Nyaya Sanhita, 2023",215,Refusing to sign statement .
"Bharatiya Nyaya Sanhita, 2023",216,False statement on oath or affirmation to public servant or person authorised to administer an oath or affirmation .
"Bharatiya Nyaya Sanhita, 2023",217,"False information, with intent to cause public servant to use his lawful power to injury of another person"
"Bharatiya Nyaya Sanhita, 2023",218,Resistance to taking of property by lawful authority of a public servant .
"Bharatiya Nyaya Sanhita, 2023",219,Obstructing sale of property offered for sale by authority of public servant .
"Bharatiya Nyaya Sanhita, 2023",220,Illegal purchase or bid for property offered for sale by authority of public servant .
"Bharatiya Nyaya Sanhita, 2023",221,Obstructing public servant in discharge of public functions.
"Bharatiya Nyaya Sanhita, 2023",222,Omission to assist public servant when bound by law to give assistance .
"Bharatiya Nyaya Sanhita, 2023",223,Disobedience to order duly promulgated by public servant .
"Bharatiya Nyaya Sanhita, 2023",224,Threat of injury to public servant .
"Bharatiya Nyaya Sanhita, 2023",225,Threat of injury to induce person to refrain from applying for protection to public servant.
"Bharatiya Nyaya Sanhita, 2023",226,Attempt to commit suicide to compel or restrain exercise of lawful power .
"Bharatiya Nyaya Sanhita, 2023",227,Giving false evidence.
"Bharatiya Nyaya Sanhita, 2023",228,Fabricating false evidence .
"Bharatiya Nyaya Sanhita, 2023",229,Punishment for false evidence .
"Bharatiya Nyaya Sanhita, 2023",230,Giving or fabricating false evidence with intent to procure conviction of capital offence .
"Bharatiya Nyaya Sanhita, 2023",231,Giving or fabricating false evidence with intent to procure conviction of offence punishable with imprisonment for life or imprisonment .
"Bharatiya Nyaya Sanhita, 2023",232,Threatening any person to give false evidence .
"Bharatiya Nyaya Sanhita, 2023",233,Using evidence known to be false .
"Bharatiya Nyaya Sanhita, 2023",234,Issuing or signing false certificate.
"Bharatiya Nyaya Sanhita, 2023",235,Using as true a certificate known to be false .
"Bharatiya Nyaya Sanhita, 2023",236,False statement made in declaration which is by law receivable as evidence .
"Bharatiya Nyaya Sanhita, 2023",237,Using as true such declaration knowing it to be false.
"Bharatiya Nyaya Sanhita, 2023",238,"Causing disappearance of evidence of offence, or giving false information to screen offender."
"Bharatiya Nyaya Sanhita, 2023",239,Intentional omission to give information of offence by person bound to inform .
"Bharatiya Nyaya Sanhita, 2023",240,Giving false information respecting an offence committed .
"Bharatiya Nyaya Sanhita, 2023",241,Destruction of document or electronic record to prevent its production as evidence .
"Bharatiya Nyaya Sanhita, 2023",242,False personation for purpose of act or proceeding in suit or prosecution.
"Bharatiya Nyaya Sanhita, 2023",243,Fraudulent removal or concealment of property to prevent its seizure as forfeited or in execution.
"Bharatiya Nyaya Sanhita, 2023",244,Fraudulent claim to property to prevent its seizure as forfeited or in execution .
"Bharatiya Nyaya Sanhita, 2023",245,Fraudulently suffering decree for sum not due .
"Bharatiya Nyaya Sanhita, 2023",246,Dishonestly making false claim in Court .
"Bharatiya Nyaya Sanhita, 2023",247,Fraudulently obtaining decree for sum not due .
"Bharatiya Nyaya Sanhita, 2023",248,False charge of offence made with intent to injure .
"Bharatiya Nyaya Sanhita, 2023",249,Harbouring offender .
"Bharatiya Nyaya Sanhita, 2023",250,"Taking gift, etc., to screen an offender from punishment ."
"Bharatiya Nyaya Sanhita, 2023",251,Offering gift or restoration of property in consideration of screening offender .
"Bharatiya Nyaya Sanhita, 2023",252,"Taking gift to help to recover stolen property, etc ."
"Bharatiya Nyaya Sanhita, 2023",253,Harbouring offender who has escaped from custody or whose apprehension has been ordered.
"Bharatiya Nyaya Sanhita, 2023",254,Penalty for harbouring robbers or dacoits .
"Bharatiya Nyaya Sanhita, 2023",255,Public servant disobeying direction of law with intent to save person from punishment or property from forfeiture .
"Bharatiya Nyaya Sanhita, 2023",256,Public servant framing incorrect record or writing with intent to save person from punishment or property from forfeiture .
"Bharatiya Nyaya Sanhita, 2023",257,"Public servant in judicial proceeding corruptly making report, etc., contrary to law ."
"Bharatiya Nyaya Sanhita, 2023",258,Commitment for trial or confinement by person having authority who knows that he is acting contrary to law .
"Bharatiya Nyaya Sanhita, 2023",259,Intentional omission to apprehend on part of public servant bound to apprehend .
"Bharatiya Nyaya Sanhita, 2023",260,Intentional omission to apprehend on part of public servant bound to apprehend person under sentence or lawfully committed.
"Bharatiya Nyaya Sanhita, 2023",261,Escape from confinement or custody negligently suffered by public servant .
"Bharatiya Nyaya Sanhita, 2023",262,Resistance or obstruction by a person to his lawful apprehension .
"Bharatiya Nyaya Sanhita, 2023",263,Resistance or obstruction to lawful apprehension of another person .
"Bharatiya Nyaya Sanhita, 2023",264,"Omission to apprehend, or sufferance of escape, on part of public servant, in cases not otherwise provided for ."
"Bharatiya Nyaya Sanhita, 2023",265,Resistance or obstruction to lawful apprehension or escape or rescue in cases not otherwise provided for.
"Bharatiya Nyaya Sanhita, 2023",266,Violation of condition of remission of punishment .
"Bharatiya Nyaya Sanhita, 2023",267,Intentional insult or interruption to public servant sitting in judicial proceeding .
"Bharatiya Nyaya Sanhita, 2023",268,Personation of assessor .
"Bharatiya Nyaya Sanhita, 2023",269,Failure by person released on bail bond or bond to appear in Court .
"Bharatiya Nyaya Sanhita, 2023",270,Public nuisance.
"Bharatiya Nyaya Sanhita, 2023",271,Negligent act likely to spread infection of disease dangerous to life.
"Bharatiya Nyaya Sanhita, 2023",272,Malignant act likely to spread infection of disease dangerous to life .
"Bharatiya Nyaya Sanhita, 2023",273,Disobedience to quarantine rule .
"Bharatiya Nyaya Sanhita, 2023",274,Adulteration of food or drink intended for sale .
"Bharatiya Nyaya Sanhita, 2023",275,Sale of noxious food or drink .
"Bharatiya Nyaya Sanhita, 2023",276,Adulteration of drugs .
"Bharatiya Nyaya Sanhita, 2023",277,Sale of adulterated drugs .
"Bharatiya Nyaya Sanhita, 2023",278,Sale of drug as a different drug or preparation .
"Bharatiya Nyaya Sanhita, 2023",279,Fouling water of public spring or reservoir.
"Bharatiya Nyaya Sanhita, 2023",280,Making atmosphere noxious to health .
"Bharatiya Nyaya Sanhita, 2023",281,Rash driving or riding on a public way.
"Bharatiya Nyaya Sanhita, 2023",282,Rash navigation of vessel.
"Bharatiya Nyaya Sanhita, 2023",283,"Exhibition of false light, mark or buoy ."
"Bharatiya Nyaya Sanhita, 2023",284,Conveying person by water for hire in unsafe or overloaded vessel.
"Bharatiya Nyaya Sanhita, 2023",285,Danger or obstruction in public way or line of navigation .
"Bharatiya Nyaya Sanhita, 2023",286,Negligent conduct with respect to poisonous substance .
"Bharatiya Nyaya Sanhita, 2023",287,Negligent conduct with respect to fire or combustible matter .
"Bharatiya Nyaya Sanhita, 2023",288,Negligent conduct with respect to explosive substance .
"Bharatiya Nyaya Sanhita, 2023",289,Negligent conduct with respect to machinery .
"Bharatiya Nyaya Sanhita, 2023",290,"Negligent conduct with respect to pulling down, repairing or constructing buildings, etc ."
"Bharatiya Nyaya Sanhita, 2023",291,Negligent conduct with respect to animal .
"Bharatiya Nyaya Sanhita, 2023",292,Punishment for public nuisance in cases not otherwise provided for .
"Bharatiya Nyaya Sanhita, 2023",293,Continuance of nuisance after injunction to discontinue .
"Bharatiya Nyaya Sanhita, 2023",294,"Sale, etc., of obscene books, etc ."
"Bharatiya Nyaya Sanhita, 2023",295,"Sale, etc., of obscene objects to child ."
"Bharatiya Nyaya Sanhita, 2023",296,Obscene acts and songs.
"Bharatiya Nyaya Sanhita, 2023",297,Keeping lottery office.
"Bharatiya Nyaya Sanhita, 2023",298,Injuring or defiling place of worship with intent to insult religion of any class .
"Bharatiya Nyaya Sanhita, 2023",299,"Deliberate and malicious acts, intended to outrage religious feelings of any class by insulting its religion or religious beliefs ."
"Bharatiya Nyaya Sanhita, 2023",300,Disturbing religious assembly .
"Bharatiya Nyaya Sanhita, 2023",301,"Trespassing on burial places, etc ."
"Bharatiya Nyaya Sanhita, 2023",302,"Uttering words, etc., with deliberate intent to wound religious feelings of any person ."
"Bharatiya Nyaya Sanhita, 2023",303,Theft.
"Bharatiya Nyaya Sanhita, 2023",304,Snatching.
"Bharatiya Nyaya Sanhita, 2023",305,"Theft in a dwelling house, or means of transportation or place of worship, etc ."
"Bharatiya Nyaya Sanhita, 2023",306,Theft by clerk or servant of property in possession of master .
"Bharatiya Nyaya Sanhita, 2023",307,"Theft after preparation made for causing death, hurt or restraint in order to committing of theft ."
"Bharatiya Nyaya Sanhita, 2023",308,Extortion.
"Bharatiya Nyaya Sanhita, 2023",309,Robbery.
"Bharatiya Nyaya Sanhita, 2023",310,Dacoity.
"Bharatiya Nyaya Sanhita, 2023",311,"Robbery, or dacoity, with attempt to cause death or grievous hurt ."
"Bharatiya Nyaya Sanhita, 2023",312,Attempt to commit robbery or dacoity when armed with deadly weapon .
"Bharatiya Nyaya Sanhita, 2023",313,"Punishment for belonging to gang of robbers, etc ."
"Bharatiya Nyaya Sanhita, 2023",314,Dishonest misappropriation of property .
"Bharatiya Nyaya Sanhita, 2023",315,Dishonest misappropriation of property possessed by deceased person at the time of his death.
"Bharatiya Nyaya Sanhita, 2023",316,Criminal breach of trust.
"Bharatiya Nyaya Sanhita, 2023",317,Stolen property .
"Bharatiya Nyaya Sanhita, 2023",318,Cheating.
"Bharatiya Nyaya Sanhita, 2023",319,Cheating by personation .
"Bharatiya Nyaya Sanhita, 2023",320,Dishonest or fraudulent removal or concealment of property to prevent distribution among creditors.
"Bharatiya Nyaya Sanhita, 2023",321,Dishonestly or fraudulently preventing debt being available for creditors .
"Bharatiya Nyaya Sanhita, 2023",322,Dishonest or fraudulent execution of deed of transfer containing false statement of consideration.
"Bharatiya Nyaya Sanhita, 2023",323,Dishonest or fraudulent removal or concealment of property .
"Bharatiya Nyaya Sanhita, 2023",324,Mischief.
"Bharatiya Nyaya Sanhita, 2023",325,Mischief by killing or maiming animal .
"Bharatiya Nyaya Sanhita, 2023",326,"Mischief by injury, inundation, fire or explosive substance, etc ."
"Bharatiya Nyaya Sanhita, 2023",327,"Mischief with intent to destroy or make unsafe a rail, aircraft, decked vessel or one of twenty tons burden ."
"Bharatiya Nyaya Sanhita, 2023",328,"Punishment for intentionally running vessel aground or ashore with intent to commit theft, etc."
"Bharatiya Nyaya Sanhita, 2023",329,Criminal trespass and house -trespass.
"Bharatiya Nyaya Sanhita, 2023",330,House-trespass and house -breaking.
"Bharatiya Nyaya Sanhita, 2023",331,Punishment for house -trespass or house -breaking.
"Bharatiya Nyaya Sanhita, 2023",332,House-trespass in order to commit offence.
"Bharatiya Nyaya Sanhita, 2023",333,"House-trespass after preparation for hurt, assault or wrongful restraint ."
"Bharatiya Nyaya Sanhita, 2023",334,Dishonestly breaking open receptacle containing property .
"Bharatiya Nyaya Sanhita, 2023",335,Making a false document .
"Bharatiya Nyaya Sanhita, 2023",336,Forgery.
"Bharatiya Nyaya Sanhita, 2023",337,"Forgery of record of Court or of public register, etc ."
"Bharatiya Nyaya Sanhita, 2023",338,"Forgery of valuable security, will, etc ."
"Bharatiya Nyaya Sanhita, 2023",339,"Having possession of document described in section 337 or section 338, knowing it to be forged and intending to use it as genuine ."
"Bharatiya Nyaya Sanhita, 2023",340,Forged document or electronic record and using it as genuine .
"Bharatiya Nyaya Sanhita, 2023",341,"Making or possessing counterfeit seal, etc., with intent to commit forgery punishable under section 338 ."
"Bharatiya Nyaya Sanhita, 2023",342,"Counterfeiting device or mark used for authenticating documents described in section 338, or possessing counterfeit marked material ."
"Bharatiya Nyaya Sanhita, 2023",343,"Fraudulent cancellation, destruction, etc., of will, authority to adopt, or valuable security."
"Bharatiya Nyaya Sanhita, 2023",344,Falsification of accounts.
"Bharatiya Nyaya Sanhita, 2023",345,Property mark.
"Bharatiya Nyaya Sanhita, 2023",346,Tampering with property mark with intent to cause injury .
"Bharatiya Nyaya Sanhita, 2023",347,Counterfeiting a property mark .
"Bharatiya Nyaya Sanhita, 2023",348,Making or possession of any instrument for counterfeiting a property mark .
"Bharatiya Nyaya Sanhita, 2023",349,Selling goods marked with a counterfeit property mark .
"Bharatiya Nyaya Sanhita, 2023",350,Making a false mark upon any receptacle containing goods .
"Bharatiya Nyaya Sanhita, 2023",351,Criminal intimidation.
"Bharatiya Nyaya Sanhita, 2023",352,Intentional insult with intent to provoke breach of peace .
"Bharatiya Nyaya Sanhita, 2023",353,Statements conducing to public mischief .
"Bharatiya Nyaya Sanhita, 2023",354,Act caused by inducing person to believe that he will be rendered an object of Divine displeasure.
"Bharatiya Nyaya Sanhita, 2023",355,Misconduct in public by a drunken person .
"Bharatiya Nyaya Sanhita, 2023",356,Defamation.
"Bharatiya Nyaya Sanhita, 2023",357,Breach of contract to attend on and supply wants of helpless person .
"Bharatiya Nyaya Sanhita, 2023",358,Repeal and savings.
"Protection of Women from Domestic Violence Act, 2005",1,"Short title, extent and commencement."
"Protection of Women from Domestic Violence Act, 2005",2,Definitions.
"Protection of Women from Domestic Violence Act, 2005",3,Definition of domestic violence.
"Protection of Women from Domestic Violence Act, 2005",4,Information to Protection Officer and exclu sion of liability of informant.
"Protection of Women from Domestic Violence Act, 2005",5,"Duties of police officers, service providers and Magistrate ."
"Protection of Women from Domestic Violence Act, 2005",6,Duties of shelter homes.
"Protection of Women from Domestic Violence Act, 2005",7,Duties of medical facilities.
"Protection of Women from Domestic Violence Act, 2005",8,Appointment of Protection Officers.
"Protection of Women from Domestic Violence Act, 2005",9,Duties and functions of Protection Officers.
"Protection of Women from Domestic Violence Act, 2005",10,Service providers.
"Protection of Women from Domestic Violence Act, 2005",11,Duties of Government .
"Protection of Women from Domestic Violence Act, 2005",12,Application to Magistrate.
"Protection of Women from Domestic Violence Act, 2005",13,Service of notice.
"Protection of Women from Domestic Violence Act, 2005",14,Counselling.
"Protection of Women from Domestic Violence Act, 2005",15,Assistance of welfare expert .
"Protection of Women from Domestic Violence Act, 2005",16,Pr oceedings to be held in camera.
"Protection of Women from Domestic Violence Act, 2005",17,Right t o reside in a shared household.
"Protection of Women from Domestic Violence Act, 2005",18,Protection orders.
"Protection of Women from Domestic Violence Act, 2005",19,Residence orders.
"Protection of Women from Domestic Violence Act, 2005",20,Monetary reliefs.
"Protection of Women from Domestic Violence Act, 2005",21,Custody orders.
"Protection of Women from Domestic Violence Act, 2005",22,Compensation orders .
"Protection of Women from Domestic Violence Act, 2005",23,Power to grant interim and ex parte orders.
"Protection of Women from Domestic Violence Act, 2005",24,Court to give copies of order free of cost.
"Protection of Women from Domestic Violence Act, 2005",25,Duration and alteration of orders .
"Protection of Women from Domestic Violence Act, 2005",26,Relief in other suits and legal proceedings.
"Protection of Women from Domestic Violence Act, 2005",27,Jurisdiction .
"Protection of Women from Domestic Violence Act, 2005",28,Procedure.
"Protection of Women from Domestic Violence Act, 2005",29,Appeal.
"Protection of Women from Domestic Violence Act, 2005",30,Protection Officers and members of service p roviders to be public servants.
"Protection of Women from Domestic Violence Act, 2005",31,Penalty for breach of protection order by respondent.
"Protection of Women from Domestic Violence Act, 2005",32,Cognizance and proof .
"Protection of Women from Domestic Violence Act, 2005",33,Penalty for not discharg ing duty by Protection Officer.
"Protection of Women from Domestic Violence Act, 2005",34,Cognizance of offence c ommitted by Protection Officer .
"Protection of Women from Domestic Violence Act, 2005",35,Protection of action taken in good faith .
"Protection of Women from Domestic Violence Act, 2005",36,Act not in derogation of any other law.
"Protection of Women from Domestic Violence Act, 2005",37,Power of Ce ntral Government to make rules.
"Right to Information Act, 2005",31,Repeal.
