ID,lang,a1,a5
Q001,English,True,True
Q002,Hindi,True,True
Q003,Kannada,True,True
Q004,Kannada,False,True
Q005,English,True,True
Q006,Hindi,True,True
Q007,Hindi,True,True
Q008,Kannada,True,True
Q009,English,True,True
Q010,Hindi,True,True
Q011,English,True,True
Q012,Kannada,True,True
Q013,Hindi,True,True
Q014,English,True,True
Q015,Kannada,True,True
Q016,English,True,True
Q017,Hindi,True,True
Q018,Kannada,True,True
Q019,English,True,True
Q020,Hindi,True,True
Q021,English,True,True
Q022,Kannada,True,True
Q023,English,False,True
Q024,Hindi,True,True
Q025,English,True,True
Q026,Kannada,True,True
Q027,English,True,True
Q028,Kannada,True,True
Q029,Hindi,True,True
Q030,English,True,True
Q031,English,True,True
Q032,Hindi,True,True
Q033,Kannada,True,True
Q034,English,True,True
Q035,Hindi,True,True
Q036,Kannada,False,True
Q037,Kannada,True,True
Q038,English,True,True
Q039,Hindi,True,True
Q040,Kannada,True,True
Q041,English,True,True
Q042,English,True,True
Q043,Hindi,True,True
Q044,English,True,True
Q045,Kannada,False,False
Q046,English,True,True
Q047,Hindi,True,True
Q048,Kannada,True,True
Q049,English,True,True
Q050,Hindi,False,True
Q051,English,False,False
Q052,Kannada,True,True
Q053,English,True,True
Q054,Kannada,True,True
Q055,Hindi,True,True
Q056,English,True,True
Q057,Kannada,True,True
Q058,English,True,True
Q059,Hindi,True,True
Q060,English,True,True
Q061,Kannada,False,False
Q062,English,True,True
Q063,Hindi,False,True
Q064,English,True,True
Q065,Kannada,True,True
Q066,Kannada,True,True
Q067,English,False,True
Q068,Hindi,False,False
Q069,English,True,True
Q070,Kannada,True,True
Q071,Kannada,False,True
Q072,English,False,True
Q073,Kannada,False,False
Q074,English,True,True
Q075,Hindi,True,True
Q076,English,True,True
Q077,Kannada,True,True
Q078,English,True,True
Q079,Hindi,True,True
Q080,Kannada,False,True
Q081,English,True,True
Q082,Hindi,True,True
Q083,Kannada,False,True
Q084,English,False,True
Q085,Kannada,True,True
Q086,Hindi,True,True
Q087,English,True,True
Q088,English,True,True
Q089,Hindi,True,True
Q090,Kannada,True,True
Q091,English,True,True
Q092,Kannada,False,True
Q093,English,True,True
Q094,Hindi,True,True
Q095,English,True,True
Q096,Kannada,True,True
Q097,English,True,True
Q098,Kannada,False,True
Q099,Hindi,True,True
Q100,English,True,True
Q101,Kannada,False,True
Q102,English,True,True
Q103,Kannada,False,True
Q104,English,False,True
Q105,Hindi,False,False
Q106,English,True,True
Q107,Kannada,False,True
Q108,Hindi,False,True
Q109,English,True,True
Q110,English,True,True
Q111,Hindi,True,True
Q112,Kannada,True,True
Q113,English,False,True
Q114,English,True,True
Q115,Kannada,True,True
Q116,Hindi,True,True
Q117,English,True,True
Q118,Hindi,True,True
Q119,English,True,True
Q120,Kannada,True,True
Q121,English,True,True
Q122,Hindi,True,True
Q123,English,True,True
Q124,English,True,True
Q125,Hindi,False,False
Q126,Hindi,False,False
Q127,Kannada,False,False
Q128,English,False,False
Q129,Hindi,False,True
Q130,English,True,True
Q131,Kannada,False,False
Q132,English,True,True
Q133,Hindi,True,True
Q134,English,False,False
Q135,Kannada,True,True
Q136,Hindi,True,True
Q137,English,True,True
Q138,Kannada,True,True
Q139,English,True,True
Q140,Hindi,True,True
Q141,Kannada,True,True
Q142,English,True,True
Q143,Kannada,True,True
Q144,Hindi,True,True
Q145,English,True,True
Q146,Hindi,True,True
Q147,Kannada,True,True
Q148,English,True,True
Q149,English,True,True
Q150,Hindi,True,True
Q151,Kannada,True,True
Q152,English,False,True
Q153,Hindi,True,True
Q154,Kannada,True,True
Q155,English,False,True
Q156,Kannada,False,True
Q157,English,True,True
Q158,Hindi,True,True
Q159,Kannada,True,True
Q160,English,True,True
Q161,Kannada,True,True
Q162,English,True,True
Q163,Kannada,False,False
Q164,Hindi,True,True
Q165,English,True,True
Q166,Hindi,True,True
Q167,English,True,True
Q168,Kannada,True,True
Q169,Hindi,True,True
Q170,English,True,True
Q171,Kannada,True,True
Q172,English,True,True
Q173,Hindi,True,True
Q174,English,True,True
Q175,Kannada,True,True
Q176,English,True,True
Q177,Hindi,True,True
Q178,English,True,True
Q179,Kannada,True,True
Q180,English,True,True
Q181,Hindi,True,True
Q182,Kannada,True,True
Q183,English,True,True
Q184,Kannada,True,True
Q185,English,False,True
Q186,Kannada,False,True
Q187,Hindi,True,True
Q188,Kannada,True,True
Q189,English,True,True
Q190,Kannada,False,True
Q191,English,True,True
Q192,Kannada,True,True
Q193,English,True,True
Q194,Kannada,True,True
Q195,Hindi,True,True
Q196,English,True,True
Q197,Kannada,True,True
Q198,English,False,True
Q199,Hindi,True,True
Q200,Kannada,False,True
